{
  "type": "FeatureCollection",
  "features": [
    {
      "type": "Feature",
      "properties": {
        "id": "aldasoro-pud-duplex-001-massing",
        "project_id": "aldasoro-pud",
        "name": "Diamond Ridge \u2014 Duplex 1/125 (~36\u00d745 ft)",
        "status": "Proposed",
        "project_type": "Housing / Land Use",
        "height_ft": 30,
        "height_m": 9.14,
        "base_m": 0,
        "floors": 2,
        "sqft": 3240,
        "hotel_rooms": null,
        "housing_units": 2,
        "source_confidence": "Estimated",
        "source_note": "Conceptual layout \u2014 125 duplex buildings \u00d7 2 units = 250 dwellings on ~17 acres. Anchored at east-center of site (entrance on Last Dollar Rd). Drawn from 'Diamond Ridge - Sizing of homes.svg' at 1 SVG unit = 1 foot. Heights tier 2-story residential at 30 ft.",
        "deep_dive_url": "",
        "primary_source_url": "",
        "last_updated": "2026-05-15"
      },
      "geometry": {
        "type": "Polygon",
        "coordinates": [
          [
            [
              -107.9060154,
              37.9602691
            ],
            [
              -107.9058903,
              37.9602691
            ],
            [
              -107.9058903,
              37.9601455
            ],
            [
              -107.9060154,
              37.9601455
            ],
            [
              -107.9060154,
              37.9602691
            ]
          ]
        ]
      }
    },
    {
      "type": "Feature",
      "properties": {
        "id": "aldasoro-pud-duplex-002-massing",
        "project_id": "aldasoro-pud",
        "name": "Diamond Ridge \u2014 Duplex 2/125 (~36\u00d745 ft)",
        "status": "Proposed",
        "project_type": "Housing / Land Use",
        "height_ft": 30,
        "height_m": 9.14,
        "base_m": 0,
        "floors": 2,
        "sqft": 3240,
        "hotel_rooms": null,
        "housing_units": 2,
        "source_confidence": "Estimated",
        "source_note": "Conceptual layout \u2014 125 duplex buildings \u00d7 2 units = 250 dwellings on ~17 acres. Anchored at east-center of site (entrance on Last Dollar Rd). Drawn from 'Diamond Ridge - Sizing of homes.svg' at 1 SVG unit = 1 foot. Heights tier 2-story residential at 30 ft.",
        "deep_dive_url": "",
        "primary_source_url": "",
        "last_updated": "2026-05-15"
      },
      "geometry": {
        "type": "Polygon",
        "coordinates": [
          [
            [
              -107.9060154,
              37.9601455
            ],
            [
              -107.9058903,
              37.9601455
            ],
            [
              -107.9058903,
              37.9600219
            ],
            [
              -107.9060154,
              37.9600219
            ],
            [
              -107.9060154,
              37.9601455
            ]
          ]
        ]
      }
    },
    {
      "type": "Feature",
      "properties": {
        "id": "aldasoro-pud-duplex-003-massing",
        "project_id": "aldasoro-pud",
        "name": "Diamond Ridge \u2014 Duplex 3/125 (~36\u00d745 ft)",
        "status": "Proposed",
        "project_type": "Housing / Land Use",
        "height_ft": 30,
        "height_m": 9.14,
        "base_m": 0,
        "floors": 2,
        "sqft": 3240,
        "hotel_rooms": null,
        "housing_units": 2,
        "source_confidence": "Estimated",
        "source_note": "Conceptual layout \u2014 125 duplex buildings \u00d7 2 units = 250 dwellings on ~17 acres. Anchored at east-center of site (entrance on Last Dollar Rd). Drawn from 'Diamond Ridge - Sizing of homes.svg' at 1 SVG unit = 1 foot. Heights tier 2-story residential at 30 ft.",
        "deep_dive_url": "",
        "primary_source_url": "",
        "last_updated": "2026-05-15"
      },
      "geometry": {
        "type": "Polygon",
        "coordinates": [
          [
            [
              -107.9060154,
              37.9598901
            ],
            [
              -107.9058903,
              37.9598901
            ],
            [
              -107.9058903,
              37.9597665
            ],
            [
              -107.9060154,
              37.9597665
            ],
            [
              -107.9060154,
              37.9598901
            ]
          ]
        ]
      }
    },
    {
      "type": "Feature",
      "properties": {
        "id": "aldasoro-pud-duplex-004-massing",
        "project_id": "aldasoro-pud",
        "name": "Diamond Ridge \u2014 Duplex 4/125 (~36\u00d745 ft)",
        "status": "Proposed",
        "project_type": "Housing / Land Use",
        "height_ft": 30,
        "height_m": 9.14,
        "base_m": 0,
        "floors": 2,
        "sqft": 3240,
        "hotel_rooms": null,
        "housing_units": 2,
        "source_confidence": "Estimated",
        "source_note": "Conceptual layout \u2014 125 duplex buildings \u00d7 2 units = 250 dwellings on ~17 acres. Anchored at east-center of site (entrance on Last Dollar Rd). Drawn from 'Diamond Ridge - Sizing of homes.svg' at 1 SVG unit = 1 foot. Heights tier 2-story residential at 30 ft.",
        "deep_dive_url": "",
        "primary_source_url": "",
        "last_updated": "2026-05-15"
      },
      "geometry": {
        "type": "Polygon",
        "coordinates": [
          [
            [
              -107.9060154,
              37.9597665
            ],
            [
              -107.9058903,
              37.9597665
            ],
            [
              -107.9058903,
              37.9596429
            ],
            [
              -107.9060154,
              37.9596429
            ],
            [
              -107.9060154,
              37.9597665
            ]
          ]
        ]
      }
    },
    {
      "type": "Feature",
      "properties": {
        "id": "aldasoro-pud-duplex-005-massing",
        "project_id": "aldasoro-pud",
        "name": "Diamond Ridge \u2014 Duplex 5/125 (~36\u00d745 ft)",
        "status": "Proposed",
        "project_type": "Housing / Land Use",
        "height_ft": 30,
        "height_m": 9.14,
        "base_m": 0,
        "floors": 2,
        "sqft": 3240,
        "hotel_rooms": null,
        "housing_units": 2,
        "source_confidence": "Estimated",
        "source_note": "Conceptual layout \u2014 125 duplex buildings \u00d7 2 units = 250 dwellings on ~17 acres. Anchored at east-center of site (entrance on Last Dollar Rd). Drawn from 'Diamond Ridge - Sizing of homes.svg' at 1 SVG unit = 1 foot. Heights tier 2-story residential at 30 ft.",
        "deep_dive_url": "",
        "primary_source_url": "",
        "last_updated": "2026-05-15"
      },
      "geometry": {
        "type": "Polygon",
        "coordinates": [
          [
            [
              -107.9060154,
              37.9595111
            ],
            [
              -107.9058903,
              37.9595111
            ],
            [
              -107.9058903,
              37.9593875
            ],
            [
              -107.9060154,
              37.9593875
            ],
            [
              -107.9060154,
              37.9595111
            ]
          ]
        ]
      }
    },
    {
      "type": "Feature",
      "properties": {
        "id": "aldasoro-pud-duplex-006-massing",
        "project_id": "aldasoro-pud",
        "name": "Diamond Ridge \u2014 Duplex 6/125 (~36\u00d745 ft)",
        "status": "Proposed",
        "project_type": "Housing / Land Use",
        "height_ft": 30,
        "height_m": 9.14,
        "base_m": 0,
        "floors": 2,
        "sqft": 3240,
        "hotel_rooms": null,
        "housing_units": 2,
        "source_confidence": "Estimated",
        "source_note": "Conceptual layout \u2014 125 duplex buildings \u00d7 2 units = 250 dwellings on ~17 acres. Anchored at east-center of site (entrance on Last Dollar Rd). Drawn from 'Diamond Ridge - Sizing of homes.svg' at 1 SVG unit = 1 foot. Heights tier 2-story residential at 30 ft.",
        "deep_dive_url": "",
        "primary_source_url": "",
        "last_updated": "2026-05-15"
      },
      "geometry": {
        "type": "Polygon",
        "coordinates": [
          [
            [
              -107.9060154,
              37.9593875
            ],
            [
              -107.9058903,
              37.9593875
            ],
            [
              -107.9058903,
              37.9592639
            ],
            [
              -107.9060154,
              37.9592639
            ],
            [
              -107.9060154,
              37.9593875
            ]
          ]
        ]
      }
    },
    {
      "type": "Feature",
      "properties": {
        "id": "aldasoro-pud-duplex-007-massing",
        "project_id": "aldasoro-pud",
        "name": "Diamond Ridge \u2014 Duplex 7/125 (~36\u00d745 ft)",
        "status": "Proposed",
        "project_type": "Housing / Land Use",
        "height_ft": 30,
        "height_m": 9.14,
        "base_m": 0,
        "floors": 2,
        "sqft": 3240,
        "hotel_rooms": null,
        "housing_units": 2,
        "source_confidence": "Estimated",
        "source_note": "Conceptual layout \u2014 125 duplex buildings \u00d7 2 units = 250 dwellings on ~17 acres. Anchored at east-center of site (entrance on Last Dollar Rd). Drawn from 'Diamond Ridge - Sizing of homes.svg' at 1 SVG unit = 1 foot. Heights tier 2-story residential at 30 ft.",
        "deep_dive_url": "",
        "primary_source_url": "",
        "last_updated": "2026-05-15"
      },
      "geometry": {
        "type": "Polygon",
        "coordinates": [
          [
            [
              -107.9060154,
              37.9590085
            ],
            [
              -107.9058903,
              37.9590085
            ],
            [
              -107.9058903,
              37.9588849
            ],
            [
              -107.9060154,
              37.9588849
            ],
            [
              -107.9060154,
              37.9590085
            ]
          ]
        ]
      }
    },
    {
      "type": "Feature",
      "properties": {
        "id": "aldasoro-pud-duplex-008-massing",
        "project_id": "aldasoro-pud",
        "name": "Diamond Ridge \u2014 Duplex 8/125 (~36\u00d745 ft)",
        "status": "Proposed",
        "project_type": "Housing / Land Use",
        "height_ft": 30,
        "height_m": 9.14,
        "base_m": 0,
        "floors": 2,
        "sqft": 3240,
        "hotel_rooms": null,
        "housing_units": 2,
        "source_confidence": "Estimated",
        "source_note": "Conceptual layout \u2014 125 duplex buildings \u00d7 2 units = 250 dwellings on ~17 acres. Anchored at east-center of site (entrance on Last Dollar Rd). Drawn from 'Diamond Ridge - Sizing of homes.svg' at 1 SVG unit = 1 foot. Heights tier 2-story residential at 30 ft.",
        "deep_dive_url": "",
        "primary_source_url": "",
        "last_updated": "2026-05-15"
      },
      "geometry": {
        "type": "Polygon",
        "coordinates": [
          [
            [
              -107.9060154,
              37.9587531
            ],
            [
              -107.9058903,
              37.9587531
            ],
            [
              -107.9058903,
              37.9586295
            ],
            [
              -107.9060154,
              37.9586295
            ],
            [
              -107.9060154,
              37.9587531
            ]
          ]
        ]
      }
    },
    {
      "type": "Feature",
      "properties": {
        "id": "aldasoro-pud-duplex-009-massing",
        "project_id": "aldasoro-pud",
        "name": "Diamond Ridge \u2014 Duplex 9/125 (~36\u00d745 ft)",
        "status": "Proposed",
        "project_type": "Housing / Land Use",
        "height_ft": 30,
        "height_m": 9.14,
        "base_m": 0,
        "floors": 2,
        "sqft": 3240,
        "hotel_rooms": null,
        "housing_units": 2,
        "source_confidence": "Estimated",
        "source_note": "Conceptual layout \u2014 125 duplex buildings \u00d7 2 units = 250 dwellings on ~17 acres. Anchored at east-center of site (entrance on Last Dollar Rd). Drawn from 'Diamond Ridge - Sizing of homes.svg' at 1 SVG unit = 1 foot. Heights tier 2-story residential at 30 ft.",
        "deep_dive_url": "",
        "primary_source_url": "",
        "last_updated": "2026-05-15"
      },
      "geometry": {
        "type": "Polygon",
        "coordinates": [
          [
            [
              -107.9058208,
              37.9605245
            ],
            [
              -107.9056957,
              37.9605245
            ],
            [
              -107.9056957,
              37.9604009
            ],
            [
              -107.9058208,
              37.9604009
            ],
            [
              -107.9058208,
              37.9605245
            ]
          ]
        ]
      }
    },
    {
      "type": "Feature",
      "properties": {
        "id": "aldasoro-pud-duplex-010-massing",
        "project_id": "aldasoro-pud",
        "name": "Diamond Ridge \u2014 Duplex 10/125 (~36\u00d745 ft)",
        "status": "Proposed",
        "project_type": "Housing / Land Use",
        "height_ft": 30,
        "height_m": 9.14,
        "base_m": 0,
        "floors": 2,
        "sqft": 3240,
        "hotel_rooms": null,
        "housing_units": 2,
        "source_confidence": "Estimated",
        "source_note": "Conceptual layout \u2014 125 duplex buildings \u00d7 2 units = 250 dwellings on ~17 acres. Anchored at east-center of site (entrance on Last Dollar Rd). Drawn from 'Diamond Ridge - Sizing of homes.svg' at 1 SVG unit = 1 foot. Heights tier 2-story residential at 30 ft.",
        "deep_dive_url": "",
        "primary_source_url": "",
        "last_updated": "2026-05-15"
      },
      "geometry": {
        "type": "Polygon",
        "coordinates": [
          [
            [
              -107.9058208,
              37.9602691
            ],
            [
              -107.9056957,
              37.9602691
            ],
            [
              -107.9056957,
              37.9601455
            ],
            [
              -107.9058208,
              37.9601455
            ],
            [
              -107.9058208,
              37.9602691
            ]
          ]
        ]
      }
    },
    {
      "type": "Feature",
      "properties": {
        "id": "aldasoro-pud-duplex-011-massing",
        "project_id": "aldasoro-pud",
        "name": "Diamond Ridge \u2014 Duplex 11/125 (~36\u00d745 ft)",
        "status": "Proposed",
        "project_type": "Housing / Land Use",
        "height_ft": 30,
        "height_m": 9.14,
        "base_m": 0,
        "floors": 2,
        "sqft": 3240,
        "hotel_rooms": null,
        "housing_units": 2,
        "source_confidence": "Estimated",
        "source_note": "Conceptual layout \u2014 125 duplex buildings \u00d7 2 units = 250 dwellings on ~17 acres. Anchored at east-center of site (entrance on Last Dollar Rd). Drawn from 'Diamond Ridge - Sizing of homes.svg' at 1 SVG unit = 1 foot. Heights tier 2-story residential at 30 ft.",
        "deep_dive_url": "",
        "primary_source_url": "",
        "last_updated": "2026-05-15"
      },
      "geometry": {
        "type": "Polygon",
        "coordinates": [
          [
            [
              -107.9058208,
              37.9601455
            ],
            [
              -107.9056957,
              37.9601455
            ],
            [
              -107.9056957,
              37.9600219
            ],
            [
              -107.9058208,
              37.9600219
            ],
            [
              -107.9058208,
              37.9601455
            ]
          ]
        ]
      }
    },
    {
      "type": "Feature",
      "properties": {
        "id": "aldasoro-pud-duplex-012-massing",
        "project_id": "aldasoro-pud",
        "name": "Diamond Ridge \u2014 Duplex 12/125 (~36\u00d745 ft)",
        "status": "Proposed",
        "project_type": "Housing / Land Use",
        "height_ft": 30,
        "height_m": 9.14,
        "base_m": 0,
        "floors": 2,
        "sqft": 3240,
        "hotel_rooms": null,
        "housing_units": 2,
        "source_confidence": "Estimated",
        "source_note": "Conceptual layout \u2014 125 duplex buildings \u00d7 2 units = 250 dwellings on ~17 acres. Anchored at east-center of site (entrance on Last Dollar Rd). Drawn from 'Diamond Ridge - Sizing of homes.svg' at 1 SVG unit = 1 foot. Heights tier 2-story residential at 30 ft.",
        "deep_dive_url": "",
        "primary_source_url": "",
        "last_updated": "2026-05-15"
      },
      "geometry": {
        "type": "Polygon",
        "coordinates": [
          [
            [
              -107.9058208,
              37.9598901
            ],
            [
              -107.9056957,
              37.9598901
            ],
            [
              -107.9056957,
              37.9597665
            ],
            [
              -107.9058208,
              37.9597665
            ],
            [
              -107.9058208,
              37.9598901
            ]
          ]
        ]
      }
    },
    {
      "type": "Feature",
      "properties": {
        "id": "aldasoro-pud-duplex-013-massing",
        "project_id": "aldasoro-pud",
        "name": "Diamond Ridge \u2014 Duplex 13/125 (~36\u00d745 ft)",
        "status": "Proposed",
        "project_type": "Housing / Land Use",
        "height_ft": 30,
        "height_m": 9.14,
        "base_m": 0,
        "floors": 2,
        "sqft": 3240,
        "hotel_rooms": null,
        "housing_units": 2,
        "source_confidence": "Estimated",
        "source_note": "Conceptual layout \u2014 125 duplex buildings \u00d7 2 units = 250 dwellings on ~17 acres. Anchored at east-center of site (entrance on Last Dollar Rd). Drawn from 'Diamond Ridge - Sizing of homes.svg' at 1 SVG unit = 1 foot. Heights tier 2-story residential at 30 ft.",
        "deep_dive_url": "",
        "primary_source_url": "",
        "last_updated": "2026-05-15"
      },
      "geometry": {
        "type": "Polygon",
        "coordinates": [
          [
            [
              -107.9058208,
              37.9597665
            ],
            [
              -107.9056957,
              37.9597665
            ],
            [
              -107.9056957,
              37.9596429
            ],
            [
              -107.9058208,
              37.9596429
            ],
            [
              -107.9058208,
              37.9597665
            ]
          ]
        ]
      }
    },
    {
      "type": "Feature",
      "properties": {
        "id": "aldasoro-pud-duplex-014-massing",
        "project_id": "aldasoro-pud",
        "name": "Diamond Ridge \u2014 Duplex 14/125 (~36\u00d745 ft)",
        "status": "Proposed",
        "project_type": "Housing / Land Use",
        "height_ft": 30,
        "height_m": 9.14,
        "base_m": 0,
        "floors": 2,
        "sqft": 3240,
        "hotel_rooms": null,
        "housing_units": 2,
        "source_confidence": "Estimated",
        "source_note": "Conceptual layout \u2014 125 duplex buildings \u00d7 2 units = 250 dwellings on ~17 acres. Anchored at east-center of site (entrance on Last Dollar Rd). Drawn from 'Diamond Ridge - Sizing of homes.svg' at 1 SVG unit = 1 foot. Heights tier 2-story residential at 30 ft.",
        "deep_dive_url": "",
        "primary_source_url": "",
        "last_updated": "2026-05-15"
      },
      "geometry": {
        "type": "Polygon",
        "coordinates": [
          [
            [
              -107.9058208,
              37.9595111
            ],
            [
              -107.9056957,
              37.9595111
            ],
            [
              -107.9056957,
              37.9593875
            ],
            [
              -107.9058208,
              37.9593875
            ],
            [
              -107.9058208,
              37.9595111
            ]
          ]
        ]
      }
    },
    {
      "type": "Feature",
      "properties": {
        "id": "aldasoro-pud-duplex-015-massing",
        "project_id": "aldasoro-pud",
        "name": "Diamond Ridge \u2014 Duplex 15/125 (~36\u00d745 ft)",
        "status": "Proposed",
        "project_type": "Housing / Land Use",
        "height_ft": 30,
        "height_m": 9.14,
        "base_m": 0,
        "floors": 2,
        "sqft": 3240,
        "hotel_rooms": null,
        "housing_units": 2,
        "source_confidence": "Estimated",
        "source_note": "Conceptual layout \u2014 125 duplex buildings \u00d7 2 units = 250 dwellings on ~17 acres. Anchored at east-center of site (entrance on Last Dollar Rd). Drawn from 'Diamond Ridge - Sizing of homes.svg' at 1 SVG unit = 1 foot. Heights tier 2-story residential at 30 ft.",
        "deep_dive_url": "",
        "primary_source_url": "",
        "last_updated": "2026-05-15"
      },
      "geometry": {
        "type": "Polygon",
        "coordinates": [
          [
            [
              -107.9058208,
              37.9593875
            ],
            [
              -107.9056957,
              37.9593875
            ],
            [
              -107.9056957,
              37.9592639
            ],
            [
              -107.9058208,
              37.9592639
            ],
            [
              -107.9058208,
              37.9593875
            ]
          ]
        ]
      }
    },
    {
      "type": "Feature",
      "properties": {
        "id": "aldasoro-pud-duplex-016-massing",
        "project_id": "aldasoro-pud",
        "name": "Diamond Ridge \u2014 Duplex 16/125 (~36\u00d745 ft)",
        "status": "Proposed",
        "project_type": "Housing / Land Use",
        "height_ft": 30,
        "height_m": 9.14,
        "base_m": 0,
        "floors": 2,
        "sqft": 3240,
        "hotel_rooms": null,
        "housing_units": 2,
        "source_confidence": "Estimated",
        "source_note": "Conceptual layout \u2014 125 duplex buildings \u00d7 2 units = 250 dwellings on ~17 acres. Anchored at east-center of site (entrance on Last Dollar Rd). Drawn from 'Diamond Ridge - Sizing of homes.svg' at 1 SVG unit = 1 foot. Heights tier 2-story residential at 30 ft.",
        "deep_dive_url": "",
        "primary_source_url": "",
        "last_updated": "2026-05-15"
      },
      "geometry": {
        "type": "Polygon",
        "coordinates": [
          [
            [
              -107.9058208,
              37.9591321
            ],
            [
              -107.9056957,
              37.9591321
            ],
            [
              -107.9056957,
              37.9590085
            ],
            [
              -107.9058208,
              37.9590085
            ],
            [
              -107.9058208,
              37.9591321
            ]
          ]
        ]
      }
    },
    {
      "type": "Feature",
      "properties": {
        "id": "aldasoro-pud-duplex-017-massing",
        "project_id": "aldasoro-pud",
        "name": "Diamond Ridge \u2014 Duplex 17/125 (~36\u00d745 ft)",
        "status": "Proposed",
        "project_type": "Housing / Land Use",
        "height_ft": 30,
        "height_m": 9.14,
        "base_m": 0,
        "floors": 2,
        "sqft": 3240,
        "hotel_rooms": null,
        "housing_units": 2,
        "source_confidence": "Estimated",
        "source_note": "Conceptual layout \u2014 125 duplex buildings \u00d7 2 units = 250 dwellings on ~17 acres. Anchored at east-center of site (entrance on Last Dollar Rd). Drawn from 'Diamond Ridge - Sizing of homes.svg' at 1 SVG unit = 1 foot. Heights tier 2-story residential at 30 ft.",
        "deep_dive_url": "",
        "primary_source_url": "",
        "last_updated": "2026-05-15"
      },
      "geometry": {
        "type": "Polygon",
        "coordinates": [
          [
            [
              -107.9058208,
              37.9590085
            ],
            [
              -107.9056957,
              37.9590085
            ],
            [
              -107.9056957,
              37.9588849
            ],
            [
              -107.9058208,
              37.9588849
            ],
            [
              -107.9058208,
              37.9590085
            ]
          ]
        ]
      }
    },
    {
      "type": "Feature",
      "properties": {
        "id": "aldasoro-pud-duplex-018-massing",
        "project_id": "aldasoro-pud",
        "name": "Diamond Ridge \u2014 Duplex 18/125 (~36\u00d745 ft)",
        "status": "Proposed",
        "project_type": "Housing / Land Use",
        "height_ft": 30,
        "height_m": 9.14,
        "base_m": 0,
        "floors": 2,
        "sqft": 3240,
        "hotel_rooms": null,
        "housing_units": 2,
        "source_confidence": "Estimated",
        "source_note": "Conceptual layout \u2014 125 duplex buildings \u00d7 2 units = 250 dwellings on ~17 acres. Anchored at east-center of site (entrance on Last Dollar Rd). Drawn from 'Diamond Ridge - Sizing of homes.svg' at 1 SVG unit = 1 foot. Heights tier 2-story residential at 30 ft.",
        "deep_dive_url": "",
        "primary_source_url": "",
        "last_updated": "2026-05-15"
      },
      "geometry": {
        "type": "Polygon",
        "coordinates": [
          [
            [
              -107.9058208,
              37.9587531
            ],
            [
              -107.9056957,
              37.9587531
            ],
            [
              -107.9056957,
              37.9586295
            ],
            [
              -107.9058208,
              37.9586295
            ],
            [
              -107.9058208,
              37.9587531
            ]
          ]
        ]
      }
    },
    {
      "type": "Feature",
      "properties": {
        "id": "aldasoro-pud-duplex-019-massing",
        "project_id": "aldasoro-pud",
        "name": "Diamond Ridge \u2014 Duplex 19/125 (~36\u00d745 ft)",
        "status": "Proposed",
        "project_type": "Housing / Land Use",
        "height_ft": 30,
        "height_m": 9.14,
        "base_m": 0,
        "floors": 2,
        "sqft": 3240,
        "hotel_rooms": null,
        "housing_units": 2,
        "source_confidence": "Estimated",
        "source_note": "Conceptual layout \u2014 125 duplex buildings \u00d7 2 units = 250 dwellings on ~17 acres. Anchored at east-center of site (entrance on Last Dollar Rd). Drawn from 'Diamond Ridge - Sizing of homes.svg' at 1 SVG unit = 1 foot. Heights tier 2-story residential at 30 ft.",
        "deep_dive_url": "",
        "primary_source_url": "",
        "last_updated": "2026-05-15"
      },
      "geometry": {
        "type": "Polygon",
        "coordinates": [
          [
            [
              -107.9056262,
              37.9605245
            ],
            [
              -107.9055012,
              37.9605245
            ],
            [
              -107.9055012,
              37.9604009
            ],
            [
              -107.9056262,
              37.9604009
            ],
            [
              -107.9056262,
              37.9605245
            ]
          ]
        ]
      }
    },
    {
      "type": "Feature",
      "properties": {
        "id": "aldasoro-pud-duplex-020-massing",
        "project_id": "aldasoro-pud",
        "name": "Diamond Ridge \u2014 Duplex 20/125 (~36\u00d745 ft)",
        "status": "Proposed",
        "project_type": "Housing / Land Use",
        "height_ft": 30,
        "height_m": 9.14,
        "base_m": 0,
        "floors": 2,
        "sqft": 3240,
        "hotel_rooms": null,
        "housing_units": 2,
        "source_confidence": "Estimated",
        "source_note": "Conceptual layout \u2014 125 duplex buildings \u00d7 2 units = 250 dwellings on ~17 acres. Anchored at east-center of site (entrance on Last Dollar Rd). Drawn from 'Diamond Ridge - Sizing of homes.svg' at 1 SVG unit = 1 foot. Heights tier 2-story residential at 30 ft.",
        "deep_dive_url": "",
        "primary_source_url": "",
        "last_updated": "2026-05-15"
      },
      "geometry": {
        "type": "Polygon",
        "coordinates": [
          [
            [
              -107.9056262,
              37.9602691
            ],
            [
              -107.9055012,
              37.9602691
            ],
            [
              -107.9055012,
              37.9601455
            ],
            [
              -107.9056262,
              37.9601455
            ],
            [
              -107.9056262,
              37.9602691
            ]
          ]
        ]
      }
    },
    {
      "type": "Feature",
      "properties": {
        "id": "aldasoro-pud-duplex-021-massing",
        "project_id": "aldasoro-pud",
        "name": "Diamond Ridge \u2014 Duplex 21/125 (~36\u00d745 ft)",
        "status": "Proposed",
        "project_type": "Housing / Land Use",
        "height_ft": 30,
        "height_m": 9.14,
        "base_m": 0,
        "floors": 2,
        "sqft": 3240,
        "hotel_rooms": null,
        "housing_units": 2,
        "source_confidence": "Estimated",
        "source_note": "Conceptual layout \u2014 125 duplex buildings \u00d7 2 units = 250 dwellings on ~17 acres. Anchored at east-center of site (entrance on Last Dollar Rd). Drawn from 'Diamond Ridge - Sizing of homes.svg' at 1 SVG unit = 1 foot. Heights tier 2-story residential at 30 ft.",
        "deep_dive_url": "",
        "primary_source_url": "",
        "last_updated": "2026-05-15"
      },
      "geometry": {
        "type": "Polygon",
        "coordinates": [
          [
            [
              -107.9056262,
              37.9601455
            ],
            [
              -107.9055012,
              37.9601455
            ],
            [
              -107.9055012,
              37.9600219
            ],
            [
              -107.9056262,
              37.9600219
            ],
            [
              -107.9056262,
              37.9601455
            ]
          ]
        ]
      }
    },
    {
      "type": "Feature",
      "properties": {
        "id": "aldasoro-pud-duplex-022-massing",
        "project_id": "aldasoro-pud",
        "name": "Diamond Ridge \u2014 Duplex 22/125 (~36\u00d745 ft)",
        "status": "Proposed",
        "project_type": "Housing / Land Use",
        "height_ft": 30,
        "height_m": 9.14,
        "base_m": 0,
        "floors": 2,
        "sqft": 3240,
        "hotel_rooms": null,
        "housing_units": 2,
        "source_confidence": "Estimated",
        "source_note": "Conceptual layout \u2014 125 duplex buildings \u00d7 2 units = 250 dwellings on ~17 acres. Anchored at east-center of site (entrance on Last Dollar Rd). Drawn from 'Diamond Ridge - Sizing of homes.svg' at 1 SVG unit = 1 foot. Heights tier 2-story residential at 30 ft.",
        "deep_dive_url": "",
        "primary_source_url": "",
        "last_updated": "2026-05-15"
      },
      "geometry": {
        "type": "Polygon",
        "coordinates": [
          [
            [
              -107.9056262,
              37.9598901
            ],
            [
              -107.9055012,
              37.9598901
            ],
            [
              -107.9055012,
              37.9597665
            ],
            [
              -107.9056262,
              37.9597665
            ],
            [
              -107.9056262,
              37.9598901
            ]
          ]
        ]
      }
    },
    {
      "type": "Feature",
      "properties": {
        "id": "aldasoro-pud-duplex-023-massing",
        "project_id": "aldasoro-pud",
        "name": "Diamond Ridge \u2014 Duplex 23/125 (~36\u00d745 ft)",
        "status": "Proposed",
        "project_type": "Housing / Land Use",
        "height_ft": 30,
        "height_m": 9.14,
        "base_m": 0,
        "floors": 2,
        "sqft": 3240,
        "hotel_rooms": null,
        "housing_units": 2,
        "source_confidence": "Estimated",
        "source_note": "Conceptual layout \u2014 125 duplex buildings \u00d7 2 units = 250 dwellings on ~17 acres. Anchored at east-center of site (entrance on Last Dollar Rd). Drawn from 'Diamond Ridge - Sizing of homes.svg' at 1 SVG unit = 1 foot. Heights tier 2-story residential at 30 ft.",
        "deep_dive_url": "",
        "primary_source_url": "",
        "last_updated": "2026-05-15"
      },
      "geometry": {
        "type": "Polygon",
        "coordinates": [
          [
            [
              -107.9056262,
              37.9597665
            ],
            [
              -107.9055012,
              37.9597665
            ],
            [
              -107.9055012,
              37.9596429
            ],
            [
              -107.9056262,
              37.9596429
            ],
            [
              -107.9056262,
              37.9597665
            ]
          ]
        ]
      }
    },
    {
      "type": "Feature",
      "properties": {
        "id": "aldasoro-pud-duplex-024-massing",
        "project_id": "aldasoro-pud",
        "name": "Diamond Ridge \u2014 Duplex 24/125 (~36\u00d745 ft)",
        "status": "Proposed",
        "project_type": "Housing / Land Use",
        "height_ft": 30,
        "height_m": 9.14,
        "base_m": 0,
        "floors": 2,
        "sqft": 3240,
        "hotel_rooms": null,
        "housing_units": 2,
        "source_confidence": "Estimated",
        "source_note": "Conceptual layout \u2014 125 duplex buildings \u00d7 2 units = 250 dwellings on ~17 acres. Anchored at east-center of site (entrance on Last Dollar Rd). Drawn from 'Diamond Ridge - Sizing of homes.svg' at 1 SVG unit = 1 foot. Heights tier 2-story residential at 30 ft.",
        "deep_dive_url": "",
        "primary_source_url": "",
        "last_updated": "2026-05-15"
      },
      "geometry": {
        "type": "Polygon",
        "coordinates": [
          [
            [
              -107.9056262,
              37.9595111
            ],
            [
              -107.9055012,
              37.9595111
            ],
            [
              -107.9055012,
              37.9593875
            ],
            [
              -107.9056262,
              37.9593875
            ],
            [
              -107.9056262,
              37.9595111
            ]
          ]
        ]
      }
    },
    {
      "type": "Feature",
      "properties": {
        "id": "aldasoro-pud-duplex-025-massing",
        "project_id": "aldasoro-pud",
        "name": "Diamond Ridge \u2014 Duplex 25/125 (~36\u00d745 ft)",
        "status": "Proposed",
        "project_type": "Housing / Land Use",
        "height_ft": 30,
        "height_m": 9.14,
        "base_m": 0,
        "floors": 2,
        "sqft": 3240,
        "hotel_rooms": null,
        "housing_units": 2,
        "source_confidence": "Estimated",
        "source_note": "Conceptual layout \u2014 125 duplex buildings \u00d7 2 units = 250 dwellings on ~17 acres. Anchored at east-center of site (entrance on Last Dollar Rd). Drawn from 'Diamond Ridge - Sizing of homes.svg' at 1 SVG unit = 1 foot. Heights tier 2-story residential at 30 ft.",
        "deep_dive_url": "",
        "primary_source_url": "",
        "last_updated": "2026-05-15"
      },
      "geometry": {
        "type": "Polygon",
        "coordinates": [
          [
            [
              -107.9056262,
              37.9593875
            ],
            [
              -107.9055012,
              37.9593875
            ],
            [
              -107.9055012,
              37.9592639
            ],
            [
              -107.9056262,
              37.9592639
            ],
            [
              -107.9056262,
              37.9593875
            ]
          ]
        ]
      }
    },
    {
      "type": "Feature",
      "properties": {
        "id": "aldasoro-pud-duplex-026-massing",
        "project_id": "aldasoro-pud",
        "name": "Diamond Ridge \u2014 Duplex 26/125 (~36\u00d745 ft)",
        "status": "Proposed",
        "project_type": "Housing / Land Use",
        "height_ft": 30,
        "height_m": 9.14,
        "base_m": 0,
        "floors": 2,
        "sqft": 3240,
        "hotel_rooms": null,
        "housing_units": 2,
        "source_confidence": "Estimated",
        "source_note": "Conceptual layout \u2014 125 duplex buildings \u00d7 2 units = 250 dwellings on ~17 acres. Anchored at east-center of site (entrance on Last Dollar Rd). Drawn from 'Diamond Ridge - Sizing of homes.svg' at 1 SVG unit = 1 foot. Heights tier 2-story residential at 30 ft.",
        "deep_dive_url": "",
        "primary_source_url": "",
        "last_updated": "2026-05-15"
      },
      "geometry": {
        "type": "Polygon",
        "coordinates": [
          [
            [
              -107.9056262,
              37.9591321
            ],
            [
              -107.9055012,
              37.9591321
            ],
            [
              -107.9055012,
              37.9590085
            ],
            [
              -107.9056262,
              37.9590085
            ],
            [
              -107.9056262,
              37.9591321
            ]
          ]
        ]
      }
    },
    {
      "type": "Feature",
      "properties": {
        "id": "aldasoro-pud-duplex-027-massing",
        "project_id": "aldasoro-pud",
        "name": "Diamond Ridge \u2014 Duplex 27/125 (~36\u00d745 ft)",
        "status": "Proposed",
        "project_type": "Housing / Land Use",
        "height_ft": 30,
        "height_m": 9.14,
        "base_m": 0,
        "floors": 2,
        "sqft": 3240,
        "hotel_rooms": null,
        "housing_units": 2,
        "source_confidence": "Estimated",
        "source_note": "Conceptual layout \u2014 125 duplex buildings \u00d7 2 units = 250 dwellings on ~17 acres. Anchored at east-center of site (entrance on Last Dollar Rd). Drawn from 'Diamond Ridge - Sizing of homes.svg' at 1 SVG unit = 1 foot. Heights tier 2-story residential at 30 ft.",
        "deep_dive_url": "",
        "primary_source_url": "",
        "last_updated": "2026-05-15"
      },
      "geometry": {
        "type": "Polygon",
        "coordinates": [
          [
            [
              -107.9056262,
              37.9590085
            ],
            [
              -107.9055012,
              37.9590085
            ],
            [
              -107.9055012,
              37.9588849
            ],
            [
              -107.9056262,
              37.9588849
            ],
            [
              -107.9056262,
              37.9590085
            ]
          ]
        ]
      }
    },
    {
      "type": "Feature",
      "properties": {
        "id": "aldasoro-pud-duplex-028-massing",
        "project_id": "aldasoro-pud",
        "name": "Diamond Ridge \u2014 Duplex 28/125 (~36\u00d745 ft)",
        "status": "Proposed",
        "project_type": "Housing / Land Use",
        "height_ft": 30,
        "height_m": 9.14,
        "base_m": 0,
        "floors": 2,
        "sqft": 3240,
        "hotel_rooms": null,
        "housing_units": 2,
        "source_confidence": "Estimated",
        "source_note": "Conceptual layout \u2014 125 duplex buildings \u00d7 2 units = 250 dwellings on ~17 acres. Anchored at east-center of site (entrance on Last Dollar Rd). Drawn from 'Diamond Ridge - Sizing of homes.svg' at 1 SVG unit = 1 foot. Heights tier 2-story residential at 30 ft.",
        "deep_dive_url": "",
        "primary_source_url": "",
        "last_updated": "2026-05-15"
      },
      "geometry": {
        "type": "Polygon",
        "coordinates": [
          [
            [
              -107.9056262,
              37.9587531
            ],
            [
              -107.9055012,
              37.9587531
            ],
            [
              -107.9055012,
              37.9586295
            ],
            [
              -107.9056262,
              37.9586295
            ],
            [
              -107.9056262,
              37.9587531
            ]
          ]
        ]
      }
    },
    {
      "type": "Feature",
      "properties": {
        "id": "aldasoro-pud-duplex-029-massing",
        "project_id": "aldasoro-pud",
        "name": "Diamond Ridge \u2014 Duplex 29/125 (~36\u00d745 ft)",
        "status": "Proposed",
        "project_type": "Housing / Land Use",
        "height_ft": 30,
        "height_m": 9.14,
        "base_m": 0,
        "floors": 2,
        "sqft": 3240,
        "hotel_rooms": null,
        "housing_units": 2,
        "source_confidence": "Estimated",
        "source_note": "Conceptual layout \u2014 125 duplex buildings \u00d7 2 units = 250 dwellings on ~17 acres. Anchored at east-center of site (entrance on Last Dollar Rd). Drawn from 'Diamond Ridge - Sizing of homes.svg' at 1 SVG unit = 1 foot. Heights tier 2-story residential at 30 ft.",
        "deep_dive_url": "",
        "primary_source_url": "",
        "last_updated": "2026-05-15"
      },
      "geometry": {
        "type": "Polygon",
        "coordinates": [
          [
            [
              -107.9054317,
              37.9605245
            ],
            [
              -107.9053066,
              37.9605245
            ],
            [
              -107.9053066,
              37.9604009
            ],
            [
              -107.9054317,
              37.9604009
            ],
            [
              -107.9054317,
              37.9605245
            ]
          ]
        ]
      }
    },
    {
      "type": "Feature",
      "properties": {
        "id": "aldasoro-pud-duplex-030-massing",
        "project_id": "aldasoro-pud",
        "name": "Diamond Ridge \u2014 Duplex 30/125 (~36\u00d745 ft)",
        "status": "Proposed",
        "project_type": "Housing / Land Use",
        "height_ft": 30,
        "height_m": 9.14,
        "base_m": 0,
        "floors": 2,
        "sqft": 3240,
        "hotel_rooms": null,
        "housing_units": 2,
        "source_confidence": "Estimated",
        "source_note": "Conceptual layout \u2014 125 duplex buildings \u00d7 2 units = 250 dwellings on ~17 acres. Anchored at east-center of site (entrance on Last Dollar Rd). Drawn from 'Diamond Ridge - Sizing of homes.svg' at 1 SVG unit = 1 foot. Heights tier 2-story residential at 30 ft.",
        "deep_dive_url": "",
        "primary_source_url": "",
        "last_updated": "2026-05-15"
      },
      "geometry": {
        "type": "Polygon",
        "coordinates": [
          [
            [
              -107.9054317,
              37.9602691
            ],
            [
              -107.9053066,
              37.9602691
            ],
            [
              -107.9053066,
              37.9601455
            ],
            [
              -107.9054317,
              37.9601455
            ],
            [
              -107.9054317,
              37.9602691
            ]
          ]
        ]
      }
    },
    {
      "type": "Feature",
      "properties": {
        "id": "aldasoro-pud-duplex-031-massing",
        "project_id": "aldasoro-pud",
        "name": "Diamond Ridge \u2014 Duplex 31/125 (~36\u00d745 ft)",
        "status": "Proposed",
        "project_type": "Housing / Land Use",
        "height_ft": 30,
        "height_m": 9.14,
        "base_m": 0,
        "floors": 2,
        "sqft": 3240,
        "hotel_rooms": null,
        "housing_units": 2,
        "source_confidence": "Estimated",
        "source_note": "Conceptual layout \u2014 125 duplex buildings \u00d7 2 units = 250 dwellings on ~17 acres. Anchored at east-center of site (entrance on Last Dollar Rd). Drawn from 'Diamond Ridge - Sizing of homes.svg' at 1 SVG unit = 1 foot. Heights tier 2-story residential at 30 ft.",
        "deep_dive_url": "",
        "primary_source_url": "",
        "last_updated": "2026-05-15"
      },
      "geometry": {
        "type": "Polygon",
        "coordinates": [
          [
            [
              -107.9054317,
              37.9601455
            ],
            [
              -107.9053066,
              37.9601455
            ],
            [
              -107.9053066,
              37.9600219
            ],
            [
              -107.9054317,
              37.9600219
            ],
            [
              -107.9054317,
              37.9601455
            ]
          ]
        ]
      }
    },
    {
      "type": "Feature",
      "properties": {
        "id": "aldasoro-pud-duplex-032-massing",
        "project_id": "aldasoro-pud",
        "name": "Diamond Ridge \u2014 Duplex 32/125 (~36\u00d745 ft)",
        "status": "Proposed",
        "project_type": "Housing / Land Use",
        "height_ft": 30,
        "height_m": 9.14,
        "base_m": 0,
        "floors": 2,
        "sqft": 3240,
        "hotel_rooms": null,
        "housing_units": 2,
        "source_confidence": "Estimated",
        "source_note": "Conceptual layout \u2014 125 duplex buildings \u00d7 2 units = 250 dwellings on ~17 acres. Anchored at east-center of site (entrance on Last Dollar Rd). Drawn from 'Diamond Ridge - Sizing of homes.svg' at 1 SVG unit = 1 foot. Heights tier 2-story residential at 30 ft.",
        "deep_dive_url": "",
        "primary_source_url": "",
        "last_updated": "2026-05-15"
      },
      "geometry": {
        "type": "Polygon",
        "coordinates": [
          [
            [
              -107.9054317,
              37.9598901
            ],
            [
              -107.9053066,
              37.9598901
            ],
            [
              -107.9053066,
              37.9597665
            ],
            [
              -107.9054317,
              37.9597665
            ],
            [
              -107.9054317,
              37.9598901
            ]
          ]
        ]
      }
    },
    {
      "type": "Feature",
      "properties": {
        "id": "aldasoro-pud-duplex-033-massing",
        "project_id": "aldasoro-pud",
        "name": "Diamond Ridge \u2014 Duplex 33/125 (~36\u00d745 ft)",
        "status": "Proposed",
        "project_type": "Housing / Land Use",
        "height_ft": 30,
        "height_m": 9.14,
        "base_m": 0,
        "floors": 2,
        "sqft": 3240,
        "hotel_rooms": null,
        "housing_units": 2,
        "source_confidence": "Estimated",
        "source_note": "Conceptual layout \u2014 125 duplex buildings \u00d7 2 units = 250 dwellings on ~17 acres. Anchored at east-center of site (entrance on Last Dollar Rd). Drawn from 'Diamond Ridge - Sizing of homes.svg' at 1 SVG unit = 1 foot. Heights tier 2-story residential at 30 ft.",
        "deep_dive_url": "",
        "primary_source_url": "",
        "last_updated": "2026-05-15"
      },
      "geometry": {
        "type": "Polygon",
        "coordinates": [
          [
            [
              -107.9054317,
              37.9597665
            ],
            [
              -107.9053066,
              37.9597665
            ],
            [
              -107.9053066,
              37.9596429
            ],
            [
              -107.9054317,
              37.9596429
            ],
            [
              -107.9054317,
              37.9597665
            ]
          ]
        ]
      }
    },
    {
      "type": "Feature",
      "properties": {
        "id": "aldasoro-pud-duplex-034-massing",
        "project_id": "aldasoro-pud",
        "name": "Diamond Ridge \u2014 Duplex 34/125 (~36\u00d745 ft)",
        "status": "Proposed",
        "project_type": "Housing / Land Use",
        "height_ft": 30,
        "height_m": 9.14,
        "base_m": 0,
        "floors": 2,
        "sqft": 3240,
        "hotel_rooms": null,
        "housing_units": 2,
        "source_confidence": "Estimated",
        "source_note": "Conceptual layout \u2014 125 duplex buildings \u00d7 2 units = 250 dwellings on ~17 acres. Anchored at east-center of site (entrance on Last Dollar Rd). Drawn from 'Diamond Ridge - Sizing of homes.svg' at 1 SVG unit = 1 foot. Heights tier 2-story residential at 30 ft.",
        "deep_dive_url": "",
        "primary_source_url": "",
        "last_updated": "2026-05-15"
      },
      "geometry": {
        "type": "Polygon",
        "coordinates": [
          [
            [
              -107.9054317,
              37.9595111
            ],
            [
              -107.9053066,
              37.9595111
            ],
            [
              -107.9053066,
              37.9593875
            ],
            [
              -107.9054317,
              37.9593875
            ],
            [
              -107.9054317,
              37.9595111
            ]
          ]
        ]
      }
    },
    {
      "type": "Feature",
      "properties": {
        "id": "aldasoro-pud-duplex-035-massing",
        "project_id": "aldasoro-pud",
        "name": "Diamond Ridge \u2014 Duplex 35/125 (~36\u00d745 ft)",
        "status": "Proposed",
        "project_type": "Housing / Land Use",
        "height_ft": 30,
        "height_m": 9.14,
        "base_m": 0,
        "floors": 2,
        "sqft": 3240,
        "hotel_rooms": null,
        "housing_units": 2,
        "source_confidence": "Estimated",
        "source_note": "Conceptual layout \u2014 125 duplex buildings \u00d7 2 units = 250 dwellings on ~17 acres. Anchored at east-center of site (entrance on Last Dollar Rd). Drawn from 'Diamond Ridge - Sizing of homes.svg' at 1 SVG unit = 1 foot. Heights tier 2-story residential at 30 ft.",
        "deep_dive_url": "",
        "primary_source_url": "",
        "last_updated": "2026-05-15"
      },
      "geometry": {
        "type": "Polygon",
        "coordinates": [
          [
            [
              -107.9054317,
              37.9593875
            ],
            [
              -107.9053066,
              37.9593875
            ],
            [
              -107.9053066,
              37.9592639
            ],
            [
              -107.9054317,
              37.9592639
            ],
            [
              -107.9054317,
              37.9593875
            ]
          ]
        ]
      }
    },
    {
      "type": "Feature",
      "properties": {
        "id": "aldasoro-pud-duplex-036-massing",
        "project_id": "aldasoro-pud",
        "name": "Diamond Ridge \u2014 Duplex 36/125 (~36\u00d745 ft)",
        "status": "Proposed",
        "project_type": "Housing / Land Use",
        "height_ft": 30,
        "height_m": 9.14,
        "base_m": 0,
        "floors": 2,
        "sqft": 3240,
        "hotel_rooms": null,
        "housing_units": 2,
        "source_confidence": "Estimated",
        "source_note": "Conceptual layout \u2014 125 duplex buildings \u00d7 2 units = 250 dwellings on ~17 acres. Anchored at east-center of site (entrance on Last Dollar Rd). Drawn from 'Diamond Ridge - Sizing of homes.svg' at 1 SVG unit = 1 foot. Heights tier 2-story residential at 30 ft.",
        "deep_dive_url": "",
        "primary_source_url": "",
        "last_updated": "2026-05-15"
      },
      "geometry": {
        "type": "Polygon",
        "coordinates": [
          [
            [
              -107.9054317,
              37.9591321
            ],
            [
              -107.9053066,
              37.9591321
            ],
            [
              -107.9053066,
              37.9590085
            ],
            [
              -107.9054317,
              37.9590085
            ],
            [
              -107.9054317,
              37.9591321
            ]
          ]
        ]
      }
    },
    {
      "type": "Feature",
      "properties": {
        "id": "aldasoro-pud-duplex-037-massing",
        "project_id": "aldasoro-pud",
        "name": "Diamond Ridge \u2014 Duplex 37/125 (~36\u00d745 ft)",
        "status": "Proposed",
        "project_type": "Housing / Land Use",
        "height_ft": 30,
        "height_m": 9.14,
        "base_m": 0,
        "floors": 2,
        "sqft": 3240,
        "hotel_rooms": null,
        "housing_units": 2,
        "source_confidence": "Estimated",
        "source_note": "Conceptual layout \u2014 125 duplex buildings \u00d7 2 units = 250 dwellings on ~17 acres. Anchored at east-center of site (entrance on Last Dollar Rd). Drawn from 'Diamond Ridge - Sizing of homes.svg' at 1 SVG unit = 1 foot. Heights tier 2-story residential at 30 ft.",
        "deep_dive_url": "",
        "primary_source_url": "",
        "last_updated": "2026-05-15"
      },
      "geometry": {
        "type": "Polygon",
        "coordinates": [
          [
            [
              -107.9054317,
              37.9590085
            ],
            [
              -107.9053066,
              37.9590085
            ],
            [
              -107.9053066,
              37.9588849
            ],
            [
              -107.9054317,
              37.9588849
            ],
            [
              -107.9054317,
              37.9590085
            ]
          ]
        ]
      }
    },
    {
      "type": "Feature",
      "properties": {
        "id": "aldasoro-pud-duplex-038-massing",
        "project_id": "aldasoro-pud",
        "name": "Diamond Ridge \u2014 Duplex 38/125 (~36\u00d745 ft)",
        "status": "Proposed",
        "project_type": "Housing / Land Use",
        "height_ft": 30,
        "height_m": 9.14,
        "base_m": 0,
        "floors": 2,
        "sqft": 3240,
        "hotel_rooms": null,
        "housing_units": 2,
        "source_confidence": "Estimated",
        "source_note": "Conceptual layout \u2014 125 duplex buildings \u00d7 2 units = 250 dwellings on ~17 acres. Anchored at east-center of site (entrance on Last Dollar Rd). Drawn from 'Diamond Ridge - Sizing of homes.svg' at 1 SVG unit = 1 foot. Heights tier 2-story residential at 30 ft.",
        "deep_dive_url": "",
        "primary_source_url": "",
        "last_updated": "2026-05-15"
      },
      "geometry": {
        "type": "Polygon",
        "coordinates": [
          [
            [
              -107.9054317,
              37.9587531
            ],
            [
              -107.9053066,
              37.9587531
            ],
            [
              -107.9053066,
              37.9586295
            ],
            [
              -107.9054317,
              37.9586295
            ],
            [
              -107.9054317,
              37.9587531
            ]
          ]
        ]
      }
    },
    {
      "type": "Feature",
      "properties": {
        "id": "aldasoro-pud-duplex-039-massing",
        "project_id": "aldasoro-pud",
        "name": "Diamond Ridge \u2014 Duplex 39/125 (~36\u00d745 ft)",
        "status": "Proposed",
        "project_type": "Housing / Land Use",
        "height_ft": 30,
        "height_m": 9.14,
        "base_m": 0,
        "floors": 2,
        "sqft": 3240,
        "hotel_rooms": null,
        "housing_units": 2,
        "source_confidence": "Estimated",
        "source_note": "Conceptual layout \u2014 125 duplex buildings \u00d7 2 units = 250 dwellings on ~17 acres. Anchored at east-center of site (entrance on Last Dollar Rd). Drawn from 'Diamond Ridge - Sizing of homes.svg' at 1 SVG unit = 1 foot. Heights tier 2-story residential at 30 ft.",
        "deep_dive_url": "",
        "primary_source_url": "",
        "last_updated": "2026-05-15"
      },
      "geometry": {
        "type": "Polygon",
        "coordinates": [
          [
            [
              -107.9052371,
              37.9605245
            ],
            [
              -107.905112,
              37.9605245
            ],
            [
              -107.905112,
              37.9604009
            ],
            [
              -107.9052371,
              37.9604009
            ],
            [
              -107.9052371,
              37.9605245
            ]
          ]
        ]
      }
    },
    {
      "type": "Feature",
      "properties": {
        "id": "aldasoro-pud-duplex-040-massing",
        "project_id": "aldasoro-pud",
        "name": "Diamond Ridge \u2014 Duplex 40/125 (~36\u00d745 ft)",
        "status": "Proposed",
        "project_type": "Housing / Land Use",
        "height_ft": 30,
        "height_m": 9.14,
        "base_m": 0,
        "floors": 2,
        "sqft": 3240,
        "hotel_rooms": null,
        "housing_units": 2,
        "source_confidence": "Estimated",
        "source_note": "Conceptual layout \u2014 125 duplex buildings \u00d7 2 units = 250 dwellings on ~17 acres. Anchored at east-center of site (entrance on Last Dollar Rd). Drawn from 'Diamond Ridge - Sizing of homes.svg' at 1 SVG unit = 1 foot. Heights tier 2-story residential at 30 ft.",
        "deep_dive_url": "",
        "primary_source_url": "",
        "last_updated": "2026-05-15"
      },
      "geometry": {
        "type": "Polygon",
        "coordinates": [
          [
            [
              -107.9052371,
              37.9602691
            ],
            [
              -107.905112,
              37.9602691
            ],
            [
              -107.905112,
              37.9601455
            ],
            [
              -107.9052371,
              37.9601455
            ],
            [
              -107.9052371,
              37.9602691
            ]
          ]
        ]
      }
    },
    {
      "type": "Feature",
      "properties": {
        "id": "aldasoro-pud-duplex-041-massing",
        "project_id": "aldasoro-pud",
        "name": "Diamond Ridge \u2014 Duplex 41/125 (~36\u00d745 ft)",
        "status": "Proposed",
        "project_type": "Housing / Land Use",
        "height_ft": 30,
        "height_m": 9.14,
        "base_m": 0,
        "floors": 2,
        "sqft": 3240,
        "hotel_rooms": null,
        "housing_units": 2,
        "source_confidence": "Estimated",
        "source_note": "Conceptual layout \u2014 125 duplex buildings \u00d7 2 units = 250 dwellings on ~17 acres. Anchored at east-center of site (entrance on Last Dollar Rd). Drawn from 'Diamond Ridge - Sizing of homes.svg' at 1 SVG unit = 1 foot. Heights tier 2-story residential at 30 ft.",
        "deep_dive_url": "",
        "primary_source_url": "",
        "last_updated": "2026-05-15"
      },
      "geometry": {
        "type": "Polygon",
        "coordinates": [
          [
            [
              -107.9052371,
              37.9601455
            ],
            [
              -107.905112,
              37.9601455
            ],
            [
              -107.905112,
              37.9600219
            ],
            [
              -107.9052371,
              37.9600219
            ],
            [
              -107.9052371,
              37.9601455
            ]
          ]
        ]
      }
    },
    {
      "type": "Feature",
      "properties": {
        "id": "aldasoro-pud-duplex-042-massing",
        "project_id": "aldasoro-pud",
        "name": "Diamond Ridge \u2014 Duplex 42/125 (~36\u00d745 ft)",
        "status": "Proposed",
        "project_type": "Housing / Land Use",
        "height_ft": 30,
        "height_m": 9.14,
        "base_m": 0,
        "floors": 2,
        "sqft": 3240,
        "hotel_rooms": null,
        "housing_units": 2,
        "source_confidence": "Estimated",
        "source_note": "Conceptual layout \u2014 125 duplex buildings \u00d7 2 units = 250 dwellings on ~17 acres. Anchored at east-center of site (entrance on Last Dollar Rd). Drawn from 'Diamond Ridge - Sizing of homes.svg' at 1 SVG unit = 1 foot. Heights tier 2-story residential at 30 ft.",
        "deep_dive_url": "",
        "primary_source_url": "",
        "last_updated": "2026-05-15"
      },
      "geometry": {
        "type": "Polygon",
        "coordinates": [
          [
            [
              -107.9052371,
              37.9598901
            ],
            [
              -107.905112,
              37.9598901
            ],
            [
              -107.905112,
              37.9597665
            ],
            [
              -107.9052371,
              37.9597665
            ],
            [
              -107.9052371,
              37.9598901
            ]
          ]
        ]
      }
    },
    {
      "type": "Feature",
      "properties": {
        "id": "aldasoro-pud-duplex-043-massing",
        "project_id": "aldasoro-pud",
        "name": "Diamond Ridge \u2014 Duplex 43/125 (~36\u00d745 ft)",
        "status": "Proposed",
        "project_type": "Housing / Land Use",
        "height_ft": 30,
        "height_m": 9.14,
        "base_m": 0,
        "floors": 2,
        "sqft": 3240,
        "hotel_rooms": null,
        "housing_units": 2,
        "source_confidence": "Estimated",
        "source_note": "Conceptual layout \u2014 125 duplex buildings \u00d7 2 units = 250 dwellings on ~17 acres. Anchored at east-center of site (entrance on Last Dollar Rd). Drawn from 'Diamond Ridge - Sizing of homes.svg' at 1 SVG unit = 1 foot. Heights tier 2-story residential at 30 ft.",
        "deep_dive_url": "",
        "primary_source_url": "",
        "last_updated": "2026-05-15"
      },
      "geometry": {
        "type": "Polygon",
        "coordinates": [
          [
            [
              -107.9052371,
              37.9597665
            ],
            [
              -107.905112,
              37.9597665
            ],
            [
              -107.905112,
              37.9596429
            ],
            [
              -107.9052371,
              37.9596429
            ],
            [
              -107.9052371,
              37.9597665
            ]
          ]
        ]
      }
    },
    {
      "type": "Feature",
      "properties": {
        "id": "aldasoro-pud-duplex-044-massing",
        "project_id": "aldasoro-pud",
        "name": "Diamond Ridge \u2014 Duplex 44/125 (~36\u00d745 ft)",
        "status": "Proposed",
        "project_type": "Housing / Land Use",
        "height_ft": 30,
        "height_m": 9.14,
        "base_m": 0,
        "floors": 2,
        "sqft": 3240,
        "hotel_rooms": null,
        "housing_units": 2,
        "source_confidence": "Estimated",
        "source_note": "Conceptual layout \u2014 125 duplex buildings \u00d7 2 units = 250 dwellings on ~17 acres. Anchored at east-center of site (entrance on Last Dollar Rd). Drawn from 'Diamond Ridge - Sizing of homes.svg' at 1 SVG unit = 1 foot. Heights tier 2-story residential at 30 ft.",
        "deep_dive_url": "",
        "primary_source_url": "",
        "last_updated": "2026-05-15"
      },
      "geometry": {
        "type": "Polygon",
        "coordinates": [
          [
            [
              -107.9052371,
              37.9595111
            ],
            [
              -107.905112,
              37.9595111
            ],
            [
              -107.905112,
              37.9593875
            ],
            [
              -107.9052371,
              37.9593875
            ],
            [
              -107.9052371,
              37.9595111
            ]
          ]
        ]
      }
    },
    {
      "type": "Feature",
      "properties": {
        "id": "aldasoro-pud-duplex-045-massing",
        "project_id": "aldasoro-pud",
        "name": "Diamond Ridge \u2014 Duplex 45/125 (~36\u00d745 ft)",
        "status": "Proposed",
        "project_type": "Housing / Land Use",
        "height_ft": 30,
        "height_m": 9.14,
        "base_m": 0,
        "floors": 2,
        "sqft": 3240,
        "hotel_rooms": null,
        "housing_units": 2,
        "source_confidence": "Estimated",
        "source_note": "Conceptual layout \u2014 125 duplex buildings \u00d7 2 units = 250 dwellings on ~17 acres. Anchored at east-center of site (entrance on Last Dollar Rd). Drawn from 'Diamond Ridge - Sizing of homes.svg' at 1 SVG unit = 1 foot. Heights tier 2-story residential at 30 ft.",
        "deep_dive_url": "",
        "primary_source_url": "",
        "last_updated": "2026-05-15"
      },
      "geometry": {
        "type": "Polygon",
        "coordinates": [
          [
            [
              -107.9052371,
              37.9593875
            ],
            [
              -107.905112,
              37.9593875
            ],
            [
              -107.905112,
              37.9592639
            ],
            [
              -107.9052371,
              37.9592639
            ],
            [
              -107.9052371,
              37.9593875
            ]
          ]
        ]
      }
    },
    {
      "type": "Feature",
      "properties": {
        "id": "aldasoro-pud-duplex-046-massing",
        "project_id": "aldasoro-pud",
        "name": "Diamond Ridge \u2014 Duplex 46/125 (~36\u00d745 ft)",
        "status": "Proposed",
        "project_type": "Housing / Land Use",
        "height_ft": 30,
        "height_m": 9.14,
        "base_m": 0,
        "floors": 2,
        "sqft": 3240,
        "hotel_rooms": null,
        "housing_units": 2,
        "source_confidence": "Estimated",
        "source_note": "Conceptual layout \u2014 125 duplex buildings \u00d7 2 units = 250 dwellings on ~17 acres. Anchored at east-center of site (entrance on Last Dollar Rd). Drawn from 'Diamond Ridge - Sizing of homes.svg' at 1 SVG unit = 1 foot. Heights tier 2-story residential at 30 ft.",
        "deep_dive_url": "",
        "primary_source_url": "",
        "last_updated": "2026-05-15"
      },
      "geometry": {
        "type": "Polygon",
        "coordinates": [
          [
            [
              -107.9052371,
              37.9591321
            ],
            [
              -107.905112,
              37.9591321
            ],
            [
              -107.905112,
              37.9590085
            ],
            [
              -107.9052371,
              37.9590085
            ],
            [
              -107.9052371,
              37.9591321
            ]
          ]
        ]
      }
    },
    {
      "type": "Feature",
      "properties": {
        "id": "aldasoro-pud-duplex-047-massing",
        "project_id": "aldasoro-pud",
        "name": "Diamond Ridge \u2014 Duplex 47/125 (~36\u00d745 ft)",
        "status": "Proposed",
        "project_type": "Housing / Land Use",
        "height_ft": 30,
        "height_m": 9.14,
        "base_m": 0,
        "floors": 2,
        "sqft": 3240,
        "hotel_rooms": null,
        "housing_units": 2,
        "source_confidence": "Estimated",
        "source_note": "Conceptual layout \u2014 125 duplex buildings \u00d7 2 units = 250 dwellings on ~17 acres. Anchored at east-center of site (entrance on Last Dollar Rd). Drawn from 'Diamond Ridge - Sizing of homes.svg' at 1 SVG unit = 1 foot. Heights tier 2-story residential at 30 ft.",
        "deep_dive_url": "",
        "primary_source_url": "",
        "last_updated": "2026-05-15"
      },
      "geometry": {
        "type": "Polygon",
        "coordinates": [
          [
            [
              -107.9052371,
              37.9590085
            ],
            [
              -107.905112,
              37.9590085
            ],
            [
              -107.905112,
              37.9588849
            ],
            [
              -107.9052371,
              37.9588849
            ],
            [
              -107.9052371,
              37.9590085
            ]
          ]
        ]
      }
    },
    {
      "type": "Feature",
      "properties": {
        "id": "aldasoro-pud-duplex-048-massing",
        "project_id": "aldasoro-pud",
        "name": "Diamond Ridge \u2014 Duplex 48/125 (~36\u00d745 ft)",
        "status": "Proposed",
        "project_type": "Housing / Land Use",
        "height_ft": 30,
        "height_m": 9.14,
        "base_m": 0,
        "floors": 2,
        "sqft": 3240,
        "hotel_rooms": null,
        "housing_units": 2,
        "source_confidence": "Estimated",
        "source_note": "Conceptual layout \u2014 125 duplex buildings \u00d7 2 units = 250 dwellings on ~17 acres. Anchored at east-center of site (entrance on Last Dollar Rd). Drawn from 'Diamond Ridge - Sizing of homes.svg' at 1 SVG unit = 1 foot. Heights tier 2-story residential at 30 ft.",
        "deep_dive_url": "",
        "primary_source_url": "",
        "last_updated": "2026-05-15"
      },
      "geometry": {
        "type": "Polygon",
        "coordinates": [
          [
            [
              -107.9052371,
              37.9587531
            ],
            [
              -107.905112,
              37.9587531
            ],
            [
              -107.905112,
              37.9586295
            ],
            [
              -107.9052371,
              37.9586295
            ],
            [
              -107.9052371,
              37.9587531
            ]
          ]
        ]
      }
    },
    {
      "type": "Feature",
      "properties": {
        "id": "aldasoro-pud-duplex-049-massing",
        "project_id": "aldasoro-pud",
        "name": "Diamond Ridge \u2014 Duplex 49/125 (~36\u00d745 ft)",
        "status": "Proposed",
        "project_type": "Housing / Land Use",
        "height_ft": 30,
        "height_m": 9.14,
        "base_m": 0,
        "floors": 2,
        "sqft": 3240,
        "hotel_rooms": null,
        "housing_units": 2,
        "source_confidence": "Estimated",
        "source_note": "Conceptual layout \u2014 125 duplex buildings \u00d7 2 units = 250 dwellings on ~17 acres. Anchored at east-center of site (entrance on Last Dollar Rd). Drawn from 'Diamond Ridge - Sizing of homes.svg' at 1 SVG unit = 1 foot. Heights tier 2-story residential at 30 ft.",
        "deep_dive_url": "",
        "primary_source_url": "",
        "last_updated": "2026-05-15"
      },
      "geometry": {
        "type": "Polygon",
        "coordinates": [
          [
            [
              -107.9050425,
              37.9605245
            ],
            [
              -107.9049174,
              37.9605245
            ],
            [
              -107.9049174,
              37.9604009
            ],
            [
              -107.9050425,
              37.9604009
            ],
            [
              -107.9050425,
              37.9605245
            ]
          ]
        ]
      }
    },
    {
      "type": "Feature",
      "properties": {
        "id": "aldasoro-pud-duplex-050-massing",
        "project_id": "aldasoro-pud",
        "name": "Diamond Ridge \u2014 Duplex 50/125 (~36\u00d745 ft)",
        "status": "Proposed",
        "project_type": "Housing / Land Use",
        "height_ft": 30,
        "height_m": 9.14,
        "base_m": 0,
        "floors": 2,
        "sqft": 3240,
        "hotel_rooms": null,
        "housing_units": 2,
        "source_confidence": "Estimated",
        "source_note": "Conceptual layout \u2014 125 duplex buildings \u00d7 2 units = 250 dwellings on ~17 acres. Anchored at east-center of site (entrance on Last Dollar Rd). Drawn from 'Diamond Ridge - Sizing of homes.svg' at 1 SVG unit = 1 foot. Heights tier 2-story residential at 30 ft.",
        "deep_dive_url": "",
        "primary_source_url": "",
        "last_updated": "2026-05-15"
      },
      "geometry": {
        "type": "Polygon",
        "coordinates": [
          [
            [
              -107.9050425,
              37.9602691
            ],
            [
              -107.9049174,
              37.9602691
            ],
            [
              -107.9049174,
              37.9601455
            ],
            [
              -107.9050425,
              37.9601455
            ],
            [
              -107.9050425,
              37.9602691
            ]
          ]
        ]
      }
    },
    {
      "type": "Feature",
      "properties": {
        "id": "aldasoro-pud-duplex-051-massing",
        "project_id": "aldasoro-pud",
        "name": "Diamond Ridge \u2014 Duplex 51/125 (~36\u00d745 ft)",
        "status": "Proposed",
        "project_type": "Housing / Land Use",
        "height_ft": 30,
        "height_m": 9.14,
        "base_m": 0,
        "floors": 2,
        "sqft": 3240,
        "hotel_rooms": null,
        "housing_units": 2,
        "source_confidence": "Estimated",
        "source_note": "Conceptual layout \u2014 125 duplex buildings \u00d7 2 units = 250 dwellings on ~17 acres. Anchored at east-center of site (entrance on Last Dollar Rd). Drawn from 'Diamond Ridge - Sizing of homes.svg' at 1 SVG unit = 1 foot. Heights tier 2-story residential at 30 ft.",
        "deep_dive_url": "",
        "primary_source_url": "",
        "last_updated": "2026-05-15"
      },
      "geometry": {
        "type": "Polygon",
        "coordinates": [
          [
            [
              -107.9050425,
              37.9601455
            ],
            [
              -107.9049174,
              37.9601455
            ],
            [
              -107.9049174,
              37.9600219
            ],
            [
              -107.9050425,
              37.9600219
            ],
            [
              -107.9050425,
              37.9601455
            ]
          ]
        ]
      }
    },
    {
      "type": "Feature",
      "properties": {
        "id": "aldasoro-pud-duplex-052-massing",
        "project_id": "aldasoro-pud",
        "name": "Diamond Ridge \u2014 Duplex 52/125 (~36\u00d745 ft)",
        "status": "Proposed",
        "project_type": "Housing / Land Use",
        "height_ft": 30,
        "height_m": 9.14,
        "base_m": 0,
        "floors": 2,
        "sqft": 3240,
        "hotel_rooms": null,
        "housing_units": 2,
        "source_confidence": "Estimated",
        "source_note": "Conceptual layout \u2014 125 duplex buildings \u00d7 2 units = 250 dwellings on ~17 acres. Anchored at east-center of site (entrance on Last Dollar Rd). Drawn from 'Diamond Ridge - Sizing of homes.svg' at 1 SVG unit = 1 foot. Heights tier 2-story residential at 30 ft.",
        "deep_dive_url": "",
        "primary_source_url": "",
        "last_updated": "2026-05-15"
      },
      "geometry": {
        "type": "Polygon",
        "coordinates": [
          [
            [
              -107.9050425,
              37.9598901
            ],
            [
              -107.9049174,
              37.9598901
            ],
            [
              -107.9049174,
              37.9597665
            ],
            [
              -107.9050425,
              37.9597665
            ],
            [
              -107.9050425,
              37.9598901
            ]
          ]
        ]
      }
    },
    {
      "type": "Feature",
      "properties": {
        "id": "aldasoro-pud-duplex-053-massing",
        "project_id": "aldasoro-pud",
        "name": "Diamond Ridge \u2014 Duplex 53/125 (~36\u00d745 ft)",
        "status": "Proposed",
        "project_type": "Housing / Land Use",
        "height_ft": 30,
        "height_m": 9.14,
        "base_m": 0,
        "floors": 2,
        "sqft": 3240,
        "hotel_rooms": null,
        "housing_units": 2,
        "source_confidence": "Estimated",
        "source_note": "Conceptual layout \u2014 125 duplex buildings \u00d7 2 units = 250 dwellings on ~17 acres. Anchored at east-center of site (entrance on Last Dollar Rd). Drawn from 'Diamond Ridge - Sizing of homes.svg' at 1 SVG unit = 1 foot. Heights tier 2-story residential at 30 ft.",
        "deep_dive_url": "",
        "primary_source_url": "",
        "last_updated": "2026-05-15"
      },
      "geometry": {
        "type": "Polygon",
        "coordinates": [
          [
            [
              -107.9050425,
              37.9597665
            ],
            [
              -107.9049174,
              37.9597665
            ],
            [
              -107.9049174,
              37.9596429
            ],
            [
              -107.9050425,
              37.9596429
            ],
            [
              -107.9050425,
              37.9597665
            ]
          ]
        ]
      }
    },
    {
      "type": "Feature",
      "properties": {
        "id": "aldasoro-pud-duplex-054-massing",
        "project_id": "aldasoro-pud",
        "name": "Diamond Ridge \u2014 Duplex 54/125 (~36\u00d745 ft)",
        "status": "Proposed",
        "project_type": "Housing / Land Use",
        "height_ft": 30,
        "height_m": 9.14,
        "base_m": 0,
        "floors": 2,
        "sqft": 3240,
        "hotel_rooms": null,
        "housing_units": 2,
        "source_confidence": "Estimated",
        "source_note": "Conceptual layout \u2014 125 duplex buildings \u00d7 2 units = 250 dwellings on ~17 acres. Anchored at east-center of site (entrance on Last Dollar Rd). Drawn from 'Diamond Ridge - Sizing of homes.svg' at 1 SVG unit = 1 foot. Heights tier 2-story residential at 30 ft.",
        "deep_dive_url": "",
        "primary_source_url": "",
        "last_updated": "2026-05-15"
      },
      "geometry": {
        "type": "Polygon",
        "coordinates": [
          [
            [
              -107.9050425,
              37.9595111
            ],
            [
              -107.9049174,
              37.9595111
            ],
            [
              -107.9049174,
              37.9593875
            ],
            [
              -107.9050425,
              37.9593875
            ],
            [
              -107.9050425,
              37.9595111
            ]
          ]
        ]
      }
    },
    {
      "type": "Feature",
      "properties": {
        "id": "aldasoro-pud-duplex-055-massing",
        "project_id": "aldasoro-pud",
        "name": "Diamond Ridge \u2014 Duplex 55/125 (~36\u00d745 ft)",
        "status": "Proposed",
        "project_type": "Housing / Land Use",
        "height_ft": 30,
        "height_m": 9.14,
        "base_m": 0,
        "floors": 2,
        "sqft": 3240,
        "hotel_rooms": null,
        "housing_units": 2,
        "source_confidence": "Estimated",
        "source_note": "Conceptual layout \u2014 125 duplex buildings \u00d7 2 units = 250 dwellings on ~17 acres. Anchored at east-center of site (entrance on Last Dollar Rd). Drawn from 'Diamond Ridge - Sizing of homes.svg' at 1 SVG unit = 1 foot. Heights tier 2-story residential at 30 ft.",
        "deep_dive_url": "",
        "primary_source_url": "",
        "last_updated": "2026-05-15"
      },
      "geometry": {
        "type": "Polygon",
        "coordinates": [
          [
            [
              -107.9050425,
              37.9593875
            ],
            [
              -107.9049174,
              37.9593875
            ],
            [
              -107.9049174,
              37.9592639
            ],
            [
              -107.9050425,
              37.9592639
            ],
            [
              -107.9050425,
              37.9593875
            ]
          ]
        ]
      }
    },
    {
      "type": "Feature",
      "properties": {
        "id": "aldasoro-pud-duplex-056-massing",
        "project_id": "aldasoro-pud",
        "name": "Diamond Ridge \u2014 Duplex 56/125 (~36\u00d745 ft)",
        "status": "Proposed",
        "project_type": "Housing / Land Use",
        "height_ft": 30,
        "height_m": 9.14,
        "base_m": 0,
        "floors": 2,
        "sqft": 3240,
        "hotel_rooms": null,
        "housing_units": 2,
        "source_confidence": "Estimated",
        "source_note": "Conceptual layout \u2014 125 duplex buildings \u00d7 2 units = 250 dwellings on ~17 acres. Anchored at east-center of site (entrance on Last Dollar Rd). Drawn from 'Diamond Ridge - Sizing of homes.svg' at 1 SVG unit = 1 foot. Heights tier 2-story residential at 30 ft.",
        "deep_dive_url": "",
        "primary_source_url": "",
        "last_updated": "2026-05-15"
      },
      "geometry": {
        "type": "Polygon",
        "coordinates": [
          [
            [
              -107.9050425,
              37.9591321
            ],
            [
              -107.9049174,
              37.9591321
            ],
            [
              -107.9049174,
              37.9590085
            ],
            [
              -107.9050425,
              37.9590085
            ],
            [
              -107.9050425,
              37.9591321
            ]
          ]
        ]
      }
    },
    {
      "type": "Feature",
      "properties": {
        "id": "aldasoro-pud-duplex-057-massing",
        "project_id": "aldasoro-pud",
        "name": "Diamond Ridge \u2014 Duplex 57/125 (~36\u00d745 ft)",
        "status": "Proposed",
        "project_type": "Housing / Land Use",
        "height_ft": 30,
        "height_m": 9.14,
        "base_m": 0,
        "floors": 2,
        "sqft": 3240,
        "hotel_rooms": null,
        "housing_units": 2,
        "source_confidence": "Estimated",
        "source_note": "Conceptual layout \u2014 125 duplex buildings \u00d7 2 units = 250 dwellings on ~17 acres. Anchored at east-center of site (entrance on Last Dollar Rd). Drawn from 'Diamond Ridge - Sizing of homes.svg' at 1 SVG unit = 1 foot. Heights tier 2-story residential at 30 ft.",
        "deep_dive_url": "",
        "primary_source_url": "",
        "last_updated": "2026-05-15"
      },
      "geometry": {
        "type": "Polygon",
        "coordinates": [
          [
            [
              -107.9050425,
              37.9590085
            ],
            [
              -107.9049174,
              37.9590085
            ],
            [
              -107.9049174,
              37.9588849
            ],
            [
              -107.9050425,
              37.9588849
            ],
            [
              -107.9050425,
              37.9590085
            ]
          ]
        ]
      }
    },
    {
      "type": "Feature",
      "properties": {
        "id": "aldasoro-pud-duplex-058-massing",
        "project_id": "aldasoro-pud",
        "name": "Diamond Ridge \u2014 Duplex 58/125 (~36\u00d745 ft)",
        "status": "Proposed",
        "project_type": "Housing / Land Use",
        "height_ft": 30,
        "height_m": 9.14,
        "base_m": 0,
        "floors": 2,
        "sqft": 3240,
        "hotel_rooms": null,
        "housing_units": 2,
        "source_confidence": "Estimated",
        "source_note": "Conceptual layout \u2014 125 duplex buildings \u00d7 2 units = 250 dwellings on ~17 acres. Anchored at east-center of site (entrance on Last Dollar Rd). Drawn from 'Diamond Ridge - Sizing of homes.svg' at 1 SVG unit = 1 foot. Heights tier 2-story residential at 30 ft.",
        "deep_dive_url": "",
        "primary_source_url": "",
        "last_updated": "2026-05-15"
      },
      "geometry": {
        "type": "Polygon",
        "coordinates": [
          [
            [
              -107.9050425,
              37.9587531
            ],
            [
              -107.9049174,
              37.9587531
            ],
            [
              -107.9049174,
              37.9586295
            ],
            [
              -107.9050425,
              37.9586295
            ],
            [
              -107.9050425,
              37.9587531
            ]
          ]
        ]
      }
    },
    {
      "type": "Feature",
      "properties": {
        "id": "aldasoro-pud-duplex-059-massing",
        "project_id": "aldasoro-pud",
        "name": "Diamond Ridge \u2014 Duplex 59/125 (~36\u00d745 ft)",
        "status": "Proposed",
        "project_type": "Housing / Land Use",
        "height_ft": 30,
        "height_m": 9.14,
        "base_m": 0,
        "floors": 2,
        "sqft": 3240,
        "hotel_rooms": null,
        "housing_units": 2,
        "source_confidence": "Estimated",
        "source_note": "Conceptual layout \u2014 125 duplex buildings \u00d7 2 units = 250 dwellings on ~17 acres. Anchored at east-center of site (entrance on Last Dollar Rd). Drawn from 'Diamond Ridge - Sizing of homes.svg' at 1 SVG unit = 1 foot. Heights tier 2-story residential at 30 ft.",
        "deep_dive_url": "",
        "primary_source_url": "",
        "last_updated": "2026-05-15"
      },
      "geometry": {
        "type": "Polygon",
        "coordinates": [
          [
            [
              -107.9048479,
              37.9605245
            ],
            [
              -107.9047228,
              37.9605245
            ],
            [
              -107.9047228,
              37.9604009
            ],
            [
              -107.9048479,
              37.9604009
            ],
            [
              -107.9048479,
              37.9605245
            ]
          ]
        ]
      }
    },
    {
      "type": "Feature",
      "properties": {
        "id": "aldasoro-pud-duplex-060-massing",
        "project_id": "aldasoro-pud",
        "name": "Diamond Ridge \u2014 Duplex 60/125 (~36\u00d745 ft)",
        "status": "Proposed",
        "project_type": "Housing / Land Use",
        "height_ft": 30,
        "height_m": 9.14,
        "base_m": 0,
        "floors": 2,
        "sqft": 3240,
        "hotel_rooms": null,
        "housing_units": 2,
        "source_confidence": "Estimated",
        "source_note": "Conceptual layout \u2014 125 duplex buildings \u00d7 2 units = 250 dwellings on ~17 acres. Anchored at east-center of site (entrance on Last Dollar Rd). Drawn from 'Diamond Ridge - Sizing of homes.svg' at 1 SVG unit = 1 foot. Heights tier 2-story residential at 30 ft.",
        "deep_dive_url": "",
        "primary_source_url": "",
        "last_updated": "2026-05-15"
      },
      "geometry": {
        "type": "Polygon",
        "coordinates": [
          [
            [
              -107.9048479,
              37.9602691
            ],
            [
              -107.9047228,
              37.9602691
            ],
            [
              -107.9047228,
              37.9601455
            ],
            [
              -107.9048479,
              37.9601455
            ],
            [
              -107.9048479,
              37.9602691
            ]
          ]
        ]
      }
    },
    {
      "type": "Feature",
      "properties": {
        "id": "aldasoro-pud-duplex-061-massing",
        "project_id": "aldasoro-pud",
        "name": "Diamond Ridge \u2014 Duplex 61/125 (~36\u00d745 ft)",
        "status": "Proposed",
        "project_type": "Housing / Land Use",
        "height_ft": 30,
        "height_m": 9.14,
        "base_m": 0,
        "floors": 2,
        "sqft": 3240,
        "hotel_rooms": null,
        "housing_units": 2,
        "source_confidence": "Estimated",
        "source_note": "Conceptual layout \u2014 125 duplex buildings \u00d7 2 units = 250 dwellings on ~17 acres. Anchored at east-center of site (entrance on Last Dollar Rd). Drawn from 'Diamond Ridge - Sizing of homes.svg' at 1 SVG unit = 1 foot. Heights tier 2-story residential at 30 ft.",
        "deep_dive_url": "",
        "primary_source_url": "",
        "last_updated": "2026-05-15"
      },
      "geometry": {
        "type": "Polygon",
        "coordinates": [
          [
            [
              -107.9048479,
              37.9601455
            ],
            [
              -107.9047228,
              37.9601455
            ],
            [
              -107.9047228,
              37.9600219
            ],
            [
              -107.9048479,
              37.9600219
            ],
            [
              -107.9048479,
              37.9601455
            ]
          ]
        ]
      }
    },
    {
      "type": "Feature",
      "properties": {
        "id": "aldasoro-pud-duplex-062-massing",
        "project_id": "aldasoro-pud",
        "name": "Diamond Ridge \u2014 Duplex 62/125 (~36\u00d745 ft)",
        "status": "Proposed",
        "project_type": "Housing / Land Use",
        "height_ft": 30,
        "height_m": 9.14,
        "base_m": 0,
        "floors": 2,
        "sqft": 3240,
        "hotel_rooms": null,
        "housing_units": 2,
        "source_confidence": "Estimated",
        "source_note": "Conceptual layout \u2014 125 duplex buildings \u00d7 2 units = 250 dwellings on ~17 acres. Anchored at east-center of site (entrance on Last Dollar Rd). Drawn from 'Diamond Ridge - Sizing of homes.svg' at 1 SVG unit = 1 foot. Heights tier 2-story residential at 30 ft.",
        "deep_dive_url": "",
        "primary_source_url": "",
        "last_updated": "2026-05-15"
      },
      "geometry": {
        "type": "Polygon",
        "coordinates": [
          [
            [
              -107.9048479,
              37.9598901
            ],
            [
              -107.9047228,
              37.9598901
            ],
            [
              -107.9047228,
              37.9597665
            ],
            [
              -107.9048479,
              37.9597665
            ],
            [
              -107.9048479,
              37.9598901
            ]
          ]
        ]
      }
    },
    {
      "type": "Feature",
      "properties": {
        "id": "aldasoro-pud-duplex-063-massing",
        "project_id": "aldasoro-pud",
        "name": "Diamond Ridge \u2014 Duplex 63/125 (~36\u00d745 ft)",
        "status": "Proposed",
        "project_type": "Housing / Land Use",
        "height_ft": 30,
        "height_m": 9.14,
        "base_m": 0,
        "floors": 2,
        "sqft": 3240,
        "hotel_rooms": null,
        "housing_units": 2,
        "source_confidence": "Estimated",
        "source_note": "Conceptual layout \u2014 125 duplex buildings \u00d7 2 units = 250 dwellings on ~17 acres. Anchored at east-center of site (entrance on Last Dollar Rd). Drawn from 'Diamond Ridge - Sizing of homes.svg' at 1 SVG unit = 1 foot. Heights tier 2-story residential at 30 ft.",
        "deep_dive_url": "",
        "primary_source_url": "",
        "last_updated": "2026-05-15"
      },
      "geometry": {
        "type": "Polygon",
        "coordinates": [
          [
            [
              -107.9048479,
              37.9595111
            ],
            [
              -107.9047228,
              37.9595111
            ],
            [
              -107.9047228,
              37.9593875
            ],
            [
              -107.9048479,
              37.9593875
            ],
            [
              -107.9048479,
              37.9595111
            ]
          ]
        ]
      }
    },
    {
      "type": "Feature",
      "properties": {
        "id": "aldasoro-pud-duplex-064-massing",
        "project_id": "aldasoro-pud",
        "name": "Diamond Ridge \u2014 Duplex 64/125 (~36\u00d745 ft)",
        "status": "Proposed",
        "project_type": "Housing / Land Use",
        "height_ft": 30,
        "height_m": 9.14,
        "base_m": 0,
        "floors": 2,
        "sqft": 3240,
        "hotel_rooms": null,
        "housing_units": 2,
        "source_confidence": "Estimated",
        "source_note": "Conceptual layout \u2014 125 duplex buildings \u00d7 2 units = 250 dwellings on ~17 acres. Anchored at east-center of site (entrance on Last Dollar Rd). Drawn from 'Diamond Ridge - Sizing of homes.svg' at 1 SVG unit = 1 foot. Heights tier 2-story residential at 30 ft.",
        "deep_dive_url": "",
        "primary_source_url": "",
        "last_updated": "2026-05-15"
      },
      "geometry": {
        "type": "Polygon",
        "coordinates": [
          [
            [
              -107.9048479,
              37.9593875
            ],
            [
              -107.9047228,
              37.9593875
            ],
            [
              -107.9047228,
              37.9592639
            ],
            [
              -107.9048479,
              37.9592639
            ],
            [
              -107.9048479,
              37.9593875
            ]
          ]
        ]
      }
    },
    {
      "type": "Feature",
      "properties": {
        "id": "aldasoro-pud-duplex-065-massing",
        "project_id": "aldasoro-pud",
        "name": "Diamond Ridge \u2014 Duplex 65/125 (~36\u00d745 ft)",
        "status": "Proposed",
        "project_type": "Housing / Land Use",
        "height_ft": 30,
        "height_m": 9.14,
        "base_m": 0,
        "floors": 2,
        "sqft": 3240,
        "hotel_rooms": null,
        "housing_units": 2,
        "source_confidence": "Estimated",
        "source_note": "Conceptual layout \u2014 125 duplex buildings \u00d7 2 units = 250 dwellings on ~17 acres. Anchored at east-center of site (entrance on Last Dollar Rd). Drawn from 'Diamond Ridge - Sizing of homes.svg' at 1 SVG unit = 1 foot. Heights tier 2-story residential at 30 ft.",
        "deep_dive_url": "",
        "primary_source_url": "",
        "last_updated": "2026-05-15"
      },
      "geometry": {
        "type": "Polygon",
        "coordinates": [
          [
            [
              -107.9048479,
              37.9591321
            ],
            [
              -107.9047228,
              37.9591321
            ],
            [
              -107.9047228,
              37.9590085
            ],
            [
              -107.9048479,
              37.9590085
            ],
            [
              -107.9048479,
              37.9591321
            ]
          ]
        ]
      }
    },
    {
      "type": "Feature",
      "properties": {
        "id": "aldasoro-pud-duplex-066-massing",
        "project_id": "aldasoro-pud",
        "name": "Diamond Ridge \u2014 Duplex 66/125 (~36\u00d745 ft)",
        "status": "Proposed",
        "project_type": "Housing / Land Use",
        "height_ft": 30,
        "height_m": 9.14,
        "base_m": 0,
        "floors": 2,
        "sqft": 3240,
        "hotel_rooms": null,
        "housing_units": 2,
        "source_confidence": "Estimated",
        "source_note": "Conceptual layout \u2014 125 duplex buildings \u00d7 2 units = 250 dwellings on ~17 acres. Anchored at east-center of site (entrance on Last Dollar Rd). Drawn from 'Diamond Ridge - Sizing of homes.svg' at 1 SVG unit = 1 foot. Heights tier 2-story residential at 30 ft.",
        "deep_dive_url": "",
        "primary_source_url": "",
        "last_updated": "2026-05-15"
      },
      "geometry": {
        "type": "Polygon",
        "coordinates": [
          [
            [
              -107.9048479,
              37.9590085
            ],
            [
              -107.9047228,
              37.9590085
            ],
            [
              -107.9047228,
              37.9588849
            ],
            [
              -107.9048479,
              37.9588849
            ],
            [
              -107.9048479,
              37.9590085
            ]
          ]
        ]
      }
    },
    {
      "type": "Feature",
      "properties": {
        "id": "aldasoro-pud-duplex-067-massing",
        "project_id": "aldasoro-pud",
        "name": "Diamond Ridge \u2014 Duplex 67/125 (~36\u00d745 ft)",
        "status": "Proposed",
        "project_type": "Housing / Land Use",
        "height_ft": 30,
        "height_m": 9.14,
        "base_m": 0,
        "floors": 2,
        "sqft": 3240,
        "hotel_rooms": null,
        "housing_units": 2,
        "source_confidence": "Estimated",
        "source_note": "Conceptual layout \u2014 125 duplex buildings \u00d7 2 units = 250 dwellings on ~17 acres. Anchored at east-center of site (entrance on Last Dollar Rd). Drawn from 'Diamond Ridge - Sizing of homes.svg' at 1 SVG unit = 1 foot. Heights tier 2-story residential at 30 ft.",
        "deep_dive_url": "",
        "primary_source_url": "",
        "last_updated": "2026-05-15"
      },
      "geometry": {
        "type": "Polygon",
        "coordinates": [
          [
            [
              -107.9048479,
              37.9587531
            ],
            [
              -107.9047228,
              37.9587531
            ],
            [
              -107.9047228,
              37.9586295
            ],
            [
              -107.9048479,
              37.9586295
            ],
            [
              -107.9048479,
              37.9587531
            ]
          ]
        ]
      }
    },
    {
      "type": "Feature",
      "properties": {
        "id": "aldasoro-pud-duplex-068-massing",
        "project_id": "aldasoro-pud",
        "name": "Diamond Ridge \u2014 Duplex 68/125 (~36\u00d745 ft)",
        "status": "Proposed",
        "project_type": "Housing / Land Use",
        "height_ft": 30,
        "height_m": 9.14,
        "base_m": 0,
        "floors": 2,
        "sqft": 3240,
        "hotel_rooms": null,
        "housing_units": 2,
        "source_confidence": "Estimated",
        "source_note": "Conceptual layout \u2014 125 duplex buildings \u00d7 2 units = 250 dwellings on ~17 acres. Anchored at east-center of site (entrance on Last Dollar Rd). Drawn from 'Diamond Ridge - Sizing of homes.svg' at 1 SVG unit = 1 foot. Heights tier 2-story residential at 30 ft.",
        "deep_dive_url": "",
        "primary_source_url": "",
        "last_updated": "2026-05-15"
      },
      "geometry": {
        "type": "Polygon",
        "coordinates": [
          [
            [
              -107.9046533,
              37.9605245
            ],
            [
              -107.9045282,
              37.9605245
            ],
            [
              -107.9045282,
              37.9604009
            ],
            [
              -107.9046533,
              37.9604009
            ],
            [
              -107.9046533,
              37.9605245
            ]
          ]
        ]
      }
    },
    {
      "type": "Feature",
      "properties": {
        "id": "aldasoro-pud-duplex-069-massing",
        "project_id": "aldasoro-pud",
        "name": "Diamond Ridge \u2014 Duplex 69/125 (~36\u00d745 ft)",
        "status": "Proposed",
        "project_type": "Housing / Land Use",
        "height_ft": 30,
        "height_m": 9.14,
        "base_m": 0,
        "floors": 2,
        "sqft": 3240,
        "hotel_rooms": null,
        "housing_units": 2,
        "source_confidence": "Estimated",
        "source_note": "Conceptual layout \u2014 125 duplex buildings \u00d7 2 units = 250 dwellings on ~17 acres. Anchored at east-center of site (entrance on Last Dollar Rd). Drawn from 'Diamond Ridge - Sizing of homes.svg' at 1 SVG unit = 1 foot. Heights tier 2-story residential at 30 ft.",
        "deep_dive_url": "",
        "primary_source_url": "",
        "last_updated": "2026-05-15"
      },
      "geometry": {
        "type": "Polygon",
        "coordinates": [
          [
            [
              -107.9046533,
              37.9602691
            ],
            [
              -107.9045282,
              37.9602691
            ],
            [
              -107.9045282,
              37.9601455
            ],
            [
              -107.9046533,
              37.9601455
            ],
            [
              -107.9046533,
              37.9602691
            ]
          ]
        ]
      }
    },
    {
      "type": "Feature",
      "properties": {
        "id": "aldasoro-pud-duplex-070-massing",
        "project_id": "aldasoro-pud",
        "name": "Diamond Ridge \u2014 Duplex 70/125 (~36\u00d745 ft)",
        "status": "Proposed",
        "project_type": "Housing / Land Use",
        "height_ft": 30,
        "height_m": 9.14,
        "base_m": 0,
        "floors": 2,
        "sqft": 3240,
        "hotel_rooms": null,
        "housing_units": 2,
        "source_confidence": "Estimated",
        "source_note": "Conceptual layout \u2014 125 duplex buildings \u00d7 2 units = 250 dwellings on ~17 acres. Anchored at east-center of site (entrance on Last Dollar Rd). Drawn from 'Diamond Ridge - Sizing of homes.svg' at 1 SVG unit = 1 foot. Heights tier 2-story residential at 30 ft.",
        "deep_dive_url": "",
        "primary_source_url": "",
        "last_updated": "2026-05-15"
      },
      "geometry": {
        "type": "Polygon",
        "coordinates": [
          [
            [
              -107.9046533,
              37.9601455
            ],
            [
              -107.9045282,
              37.9601455
            ],
            [
              -107.9045282,
              37.9600219
            ],
            [
              -107.9046533,
              37.9600219
            ],
            [
              -107.9046533,
              37.9601455
            ]
          ]
        ]
      }
    },
    {
      "type": "Feature",
      "properties": {
        "id": "aldasoro-pud-duplex-071-massing",
        "project_id": "aldasoro-pud",
        "name": "Diamond Ridge \u2014 Duplex 71/125 (~36\u00d745 ft)",
        "status": "Proposed",
        "project_type": "Housing / Land Use",
        "height_ft": 30,
        "height_m": 9.14,
        "base_m": 0,
        "floors": 2,
        "sqft": 3240,
        "hotel_rooms": null,
        "housing_units": 2,
        "source_confidence": "Estimated",
        "source_note": "Conceptual layout \u2014 125 duplex buildings \u00d7 2 units = 250 dwellings on ~17 acres. Anchored at east-center of site (entrance on Last Dollar Rd). Drawn from 'Diamond Ridge - Sizing of homes.svg' at 1 SVG unit = 1 foot. Heights tier 2-story residential at 30 ft.",
        "deep_dive_url": "",
        "primary_source_url": "",
        "last_updated": "2026-05-15"
      },
      "geometry": {
        "type": "Polygon",
        "coordinates": [
          [
            [
              -107.9046533,
              37.9598901
            ],
            [
              -107.9045282,
              37.9598901
            ],
            [
              -107.9045282,
              37.9597665
            ],
            [
              -107.9046533,
              37.9597665
            ],
            [
              -107.9046533,
              37.9598901
            ]
          ]
        ]
      }
    },
    {
      "type": "Feature",
      "properties": {
        "id": "aldasoro-pud-duplex-072-massing",
        "project_id": "aldasoro-pud",
        "name": "Diamond Ridge \u2014 Duplex 72/125 (~36\u00d745 ft)",
        "status": "Proposed",
        "project_type": "Housing / Land Use",
        "height_ft": 30,
        "height_m": 9.14,
        "base_m": 0,
        "floors": 2,
        "sqft": 3240,
        "hotel_rooms": null,
        "housing_units": 2,
        "source_confidence": "Estimated",
        "source_note": "Conceptual layout \u2014 125 duplex buildings \u00d7 2 units = 250 dwellings on ~17 acres. Anchored at east-center of site (entrance on Last Dollar Rd). Drawn from 'Diamond Ridge - Sizing of homes.svg' at 1 SVG unit = 1 foot. Heights tier 2-story residential at 30 ft.",
        "deep_dive_url": "",
        "primary_source_url": "",
        "last_updated": "2026-05-15"
      },
      "geometry": {
        "type": "Polygon",
        "coordinates": [
          [
            [
              -107.9046533,
              37.9597665
            ],
            [
              -107.9045282,
              37.9597665
            ],
            [
              -107.9045282,
              37.9596429
            ],
            [
              -107.9046533,
              37.9596429
            ],
            [
              -107.9046533,
              37.9597665
            ]
          ]
        ]
      }
    },
    {
      "type": "Feature",
      "properties": {
        "id": "aldasoro-pud-duplex-073-massing",
        "project_id": "aldasoro-pud",
        "name": "Diamond Ridge \u2014 Duplex 73/125 (~36\u00d745 ft)",
        "status": "Proposed",
        "project_type": "Housing / Land Use",
        "height_ft": 30,
        "height_m": 9.14,
        "base_m": 0,
        "floors": 2,
        "sqft": 3240,
        "hotel_rooms": null,
        "housing_units": 2,
        "source_confidence": "Estimated",
        "source_note": "Conceptual layout \u2014 125 duplex buildings \u00d7 2 units = 250 dwellings on ~17 acres. Anchored at east-center of site (entrance on Last Dollar Rd). Drawn from 'Diamond Ridge - Sizing of homes.svg' at 1 SVG unit = 1 foot. Heights tier 2-story residential at 30 ft.",
        "deep_dive_url": "",
        "primary_source_url": "",
        "last_updated": "2026-05-15"
      },
      "geometry": {
        "type": "Polygon",
        "coordinates": [
          [
            [
              -107.9046533,
              37.9595111
            ],
            [
              -107.9045282,
              37.9595111
            ],
            [
              -107.9045282,
              37.9593875
            ],
            [
              -107.9046533,
              37.9593875
            ],
            [
              -107.9046533,
              37.9595111
            ]
          ]
        ]
      }
    },
    {
      "type": "Feature",
      "properties": {
        "id": "aldasoro-pud-duplex-074-massing",
        "project_id": "aldasoro-pud",
        "name": "Diamond Ridge \u2014 Duplex 74/125 (~36\u00d745 ft)",
        "status": "Proposed",
        "project_type": "Housing / Land Use",
        "height_ft": 30,
        "height_m": 9.14,
        "base_m": 0,
        "floors": 2,
        "sqft": 3240,
        "hotel_rooms": null,
        "housing_units": 2,
        "source_confidence": "Estimated",
        "source_note": "Conceptual layout \u2014 125 duplex buildings \u00d7 2 units = 250 dwellings on ~17 acres. Anchored at east-center of site (entrance on Last Dollar Rd). Drawn from 'Diamond Ridge - Sizing of homes.svg' at 1 SVG unit = 1 foot. Heights tier 2-story residential at 30 ft.",
        "deep_dive_url": "",
        "primary_source_url": "",
        "last_updated": "2026-05-15"
      },
      "geometry": {
        "type": "Polygon",
        "coordinates": [
          [
            [
              -107.9046533,
              37.9593875
            ],
            [
              -107.9045282,
              37.9593875
            ],
            [
              -107.9045282,
              37.9592639
            ],
            [
              -107.9046533,
              37.9592639
            ],
            [
              -107.9046533,
              37.9593875
            ]
          ]
        ]
      }
    },
    {
      "type": "Feature",
      "properties": {
        "id": "aldasoro-pud-duplex-075-massing",
        "project_id": "aldasoro-pud",
        "name": "Diamond Ridge \u2014 Duplex 75/125 (~36\u00d745 ft)",
        "status": "Proposed",
        "project_type": "Housing / Land Use",
        "height_ft": 30,
        "height_m": 9.14,
        "base_m": 0,
        "floors": 2,
        "sqft": 3240,
        "hotel_rooms": null,
        "housing_units": 2,
        "source_confidence": "Estimated",
        "source_note": "Conceptual layout \u2014 125 duplex buildings \u00d7 2 units = 250 dwellings on ~17 acres. Anchored at east-center of site (entrance on Last Dollar Rd). Drawn from 'Diamond Ridge - Sizing of homes.svg' at 1 SVG unit = 1 foot. Heights tier 2-story residential at 30 ft.",
        "deep_dive_url": "",
        "primary_source_url": "",
        "last_updated": "2026-05-15"
      },
      "geometry": {
        "type": "Polygon",
        "coordinates": [
          [
            [
              -107.9046533,
              37.9591321
            ],
            [
              -107.9045282,
              37.9591321
            ],
            [
              -107.9045282,
              37.9590085
            ],
            [
              -107.9046533,
              37.9590085
            ],
            [
              -107.9046533,
              37.9591321
            ]
          ]
        ]
      }
    },
    {
      "type": "Feature",
      "properties": {
        "id": "aldasoro-pud-duplex-076-massing",
        "project_id": "aldasoro-pud",
        "name": "Diamond Ridge \u2014 Duplex 76/125 (~36\u00d745 ft)",
        "status": "Proposed",
        "project_type": "Housing / Land Use",
        "height_ft": 30,
        "height_m": 9.14,
        "base_m": 0,
        "floors": 2,
        "sqft": 3240,
        "hotel_rooms": null,
        "housing_units": 2,
        "source_confidence": "Estimated",
        "source_note": "Conceptual layout \u2014 125 duplex buildings \u00d7 2 units = 250 dwellings on ~17 acres. Anchored at east-center of site (entrance on Last Dollar Rd). Drawn from 'Diamond Ridge - Sizing of homes.svg' at 1 SVG unit = 1 foot. Heights tier 2-story residential at 30 ft.",
        "deep_dive_url": "",
        "primary_source_url": "",
        "last_updated": "2026-05-15"
      },
      "geometry": {
        "type": "Polygon",
        "coordinates": [
          [
            [
              -107.9046533,
              37.9590085
            ],
            [
              -107.9045282,
              37.9590085
            ],
            [
              -107.9045282,
              37.9588849
            ],
            [
              -107.9046533,
              37.9588849
            ],
            [
              -107.9046533,
              37.9590085
            ]
          ]
        ]
      }
    },
    {
      "type": "Feature",
      "properties": {
        "id": "aldasoro-pud-duplex-077-massing",
        "project_id": "aldasoro-pud",
        "name": "Diamond Ridge \u2014 Duplex 77/125 (~36\u00d745 ft)",
        "status": "Proposed",
        "project_type": "Housing / Land Use",
        "height_ft": 30,
        "height_m": 9.14,
        "base_m": 0,
        "floors": 2,
        "sqft": 3240,
        "hotel_rooms": null,
        "housing_units": 2,
        "source_confidence": "Estimated",
        "source_note": "Conceptual layout \u2014 125 duplex buildings \u00d7 2 units = 250 dwellings on ~17 acres. Anchored at east-center of site (entrance on Last Dollar Rd). Drawn from 'Diamond Ridge - Sizing of homes.svg' at 1 SVG unit = 1 foot. Heights tier 2-story residential at 30 ft.",
        "deep_dive_url": "",
        "primary_source_url": "",
        "last_updated": "2026-05-15"
      },
      "geometry": {
        "type": "Polygon",
        "coordinates": [
          [
            [
              -107.9046533,
              37.9587531
            ],
            [
              -107.9045282,
              37.9587531
            ],
            [
              -107.9045282,
              37.9586295
            ],
            [
              -107.9046533,
              37.9586295
            ],
            [
              -107.9046533,
              37.9587531
            ]
          ]
        ]
      }
    },
    {
      "type": "Feature",
      "properties": {
        "id": "aldasoro-pud-duplex-078-massing",
        "project_id": "aldasoro-pud",
        "name": "Diamond Ridge \u2014 Duplex 78/125 (~36\u00d745 ft)",
        "status": "Proposed",
        "project_type": "Housing / Land Use",
        "height_ft": 30,
        "height_m": 9.14,
        "base_m": 0,
        "floors": 2,
        "sqft": 3240,
        "hotel_rooms": null,
        "housing_units": 2,
        "source_confidence": "Estimated",
        "source_note": "Conceptual layout \u2014 125 duplex buildings \u00d7 2 units = 250 dwellings on ~17 acres. Anchored at east-center of site (entrance on Last Dollar Rd). Drawn from 'Diamond Ridge - Sizing of homes.svg' at 1 SVG unit = 1 foot. Heights tier 2-story residential at 30 ft.",
        "deep_dive_url": "",
        "primary_source_url": "",
        "last_updated": "2026-05-15"
      },
      "geometry": {
        "type": "Polygon",
        "coordinates": [
          [
            [
              -107.9044587,
              37.9605245
            ],
            [
              -107.9043336,
              37.9605245
            ],
            [
              -107.9043336,
              37.9604009
            ],
            [
              -107.9044587,
              37.9604009
            ],
            [
              -107.9044587,
              37.9605245
            ]
          ]
        ]
      }
    },
    {
      "type": "Feature",
      "properties": {
        "id": "aldasoro-pud-duplex-079-massing",
        "project_id": "aldasoro-pud",
        "name": "Diamond Ridge \u2014 Duplex 79/125 (~36\u00d745 ft)",
        "status": "Proposed",
        "project_type": "Housing / Land Use",
        "height_ft": 30,
        "height_m": 9.14,
        "base_m": 0,
        "floors": 2,
        "sqft": 3240,
        "hotel_rooms": null,
        "housing_units": 2,
        "source_confidence": "Estimated",
        "source_note": "Conceptual layout \u2014 125 duplex buildings \u00d7 2 units = 250 dwellings on ~17 acres. Anchored at east-center of site (entrance on Last Dollar Rd). Drawn from 'Diamond Ridge - Sizing of homes.svg' at 1 SVG unit = 1 foot. Heights tier 2-story residential at 30 ft.",
        "deep_dive_url": "",
        "primary_source_url": "",
        "last_updated": "2026-05-15"
      },
      "geometry": {
        "type": "Polygon",
        "coordinates": [
          [
            [
              -107.9044587,
              37.9602691
            ],
            [
              -107.9043336,
              37.9602691
            ],
            [
              -107.9043336,
              37.9601455
            ],
            [
              -107.9044587,
              37.9601455
            ],
            [
              -107.9044587,
              37.9602691
            ]
          ]
        ]
      }
    },
    {
      "type": "Feature",
      "properties": {
        "id": "aldasoro-pud-duplex-080-massing",
        "project_id": "aldasoro-pud",
        "name": "Diamond Ridge \u2014 Duplex 80/125 (~36\u00d745 ft)",
        "status": "Proposed",
        "project_type": "Housing / Land Use",
        "height_ft": 30,
        "height_m": 9.14,
        "base_m": 0,
        "floors": 2,
        "sqft": 3240,
        "hotel_rooms": null,
        "housing_units": 2,
        "source_confidence": "Estimated",
        "source_note": "Conceptual layout \u2014 125 duplex buildings \u00d7 2 units = 250 dwellings on ~17 acres. Anchored at east-center of site (entrance on Last Dollar Rd). Drawn from 'Diamond Ridge - Sizing of homes.svg' at 1 SVG unit = 1 foot. Heights tier 2-story residential at 30 ft.",
        "deep_dive_url": "",
        "primary_source_url": "",
        "last_updated": "2026-05-15"
      },
      "geometry": {
        "type": "Polygon",
        "coordinates": [
          [
            [
              -107.9044587,
              37.9601455
            ],
            [
              -107.9043336,
              37.9601455
            ],
            [
              -107.9043336,
              37.9600219
            ],
            [
              -107.9044587,
              37.9600219
            ],
            [
              -107.9044587,
              37.9601455
            ]
          ]
        ]
      }
    },
    {
      "type": "Feature",
      "properties": {
        "id": "aldasoro-pud-duplex-081-massing",
        "project_id": "aldasoro-pud",
        "name": "Diamond Ridge \u2014 Duplex 81/125 (~36\u00d745 ft)",
        "status": "Proposed",
        "project_type": "Housing / Land Use",
        "height_ft": 30,
        "height_m": 9.14,
        "base_m": 0,
        "floors": 2,
        "sqft": 3240,
        "hotel_rooms": null,
        "housing_units": 2,
        "source_confidence": "Estimated",
        "source_note": "Conceptual layout \u2014 125 duplex buildings \u00d7 2 units = 250 dwellings on ~17 acres. Anchored at east-center of site (entrance on Last Dollar Rd). Drawn from 'Diamond Ridge - Sizing of homes.svg' at 1 SVG unit = 1 foot. Heights tier 2-story residential at 30 ft.",
        "deep_dive_url": "",
        "primary_source_url": "",
        "last_updated": "2026-05-15"
      },
      "geometry": {
        "type": "Polygon",
        "coordinates": [
          [
            [
              -107.9044587,
              37.9598901
            ],
            [
              -107.9043336,
              37.9598901
            ],
            [
              -107.9043336,
              37.9597665
            ],
            [
              -107.9044587,
              37.9597665
            ],
            [
              -107.9044587,
              37.9598901
            ]
          ]
        ]
      }
    },
    {
      "type": "Feature",
      "properties": {
        "id": "aldasoro-pud-duplex-082-massing",
        "project_id": "aldasoro-pud",
        "name": "Diamond Ridge \u2014 Duplex 82/125 (~36\u00d745 ft)",
        "status": "Proposed",
        "project_type": "Housing / Land Use",
        "height_ft": 30,
        "height_m": 9.14,
        "base_m": 0,
        "floors": 2,
        "sqft": 3240,
        "hotel_rooms": null,
        "housing_units": 2,
        "source_confidence": "Estimated",
        "source_note": "Conceptual layout \u2014 125 duplex buildings \u00d7 2 units = 250 dwellings on ~17 acres. Anchored at east-center of site (entrance on Last Dollar Rd). Drawn from 'Diamond Ridge - Sizing of homes.svg' at 1 SVG unit = 1 foot. Heights tier 2-story residential at 30 ft.",
        "deep_dive_url": "",
        "primary_source_url": "",
        "last_updated": "2026-05-15"
      },
      "geometry": {
        "type": "Polygon",
        "coordinates": [
          [
            [
              -107.9044587,
              37.9597665
            ],
            [
              -107.9043336,
              37.9597665
            ],
            [
              -107.9043336,
              37.9596429
            ],
            [
              -107.9044587,
              37.9596429
            ],
            [
              -107.9044587,
              37.9597665
            ]
          ]
        ]
      }
    },
    {
      "type": "Feature",
      "properties": {
        "id": "aldasoro-pud-duplex-083-massing",
        "project_id": "aldasoro-pud",
        "name": "Diamond Ridge \u2014 Duplex 83/125 (~36\u00d745 ft)",
        "status": "Proposed",
        "project_type": "Housing / Land Use",
        "height_ft": 30,
        "height_m": 9.14,
        "base_m": 0,
        "floors": 2,
        "sqft": 3240,
        "hotel_rooms": null,
        "housing_units": 2,
        "source_confidence": "Estimated",
        "source_note": "Conceptual layout \u2014 125 duplex buildings \u00d7 2 units = 250 dwellings on ~17 acres. Anchored at east-center of site (entrance on Last Dollar Rd). Drawn from 'Diamond Ridge - Sizing of homes.svg' at 1 SVG unit = 1 foot. Heights tier 2-story residential at 30 ft.",
        "deep_dive_url": "",
        "primary_source_url": "",
        "last_updated": "2026-05-15"
      },
      "geometry": {
        "type": "Polygon",
        "coordinates": [
          [
            [
              -107.9044587,
              37.9595111
            ],
            [
              -107.9043336,
              37.9595111
            ],
            [
              -107.9043336,
              37.9593875
            ],
            [
              -107.9044587,
              37.9593875
            ],
            [
              -107.9044587,
              37.9595111
            ]
          ]
        ]
      }
    },
    {
      "type": "Feature",
      "properties": {
        "id": "aldasoro-pud-duplex-084-massing",
        "project_id": "aldasoro-pud",
        "name": "Diamond Ridge \u2014 Duplex 84/125 (~36\u00d745 ft)",
        "status": "Proposed",
        "project_type": "Housing / Land Use",
        "height_ft": 30,
        "height_m": 9.14,
        "base_m": 0,
        "floors": 2,
        "sqft": 3240,
        "hotel_rooms": null,
        "housing_units": 2,
        "source_confidence": "Estimated",
        "source_note": "Conceptual layout \u2014 125 duplex buildings \u00d7 2 units = 250 dwellings on ~17 acres. Anchored at east-center of site (entrance on Last Dollar Rd). Drawn from 'Diamond Ridge - Sizing of homes.svg' at 1 SVG unit = 1 foot. Heights tier 2-story residential at 30 ft.",
        "deep_dive_url": "",
        "primary_source_url": "",
        "last_updated": "2026-05-15"
      },
      "geometry": {
        "type": "Polygon",
        "coordinates": [
          [
            [
              -107.9044587,
              37.9593875
            ],
            [
              -107.9043336,
              37.9593875
            ],
            [
              -107.9043336,
              37.9592639
            ],
            [
              -107.9044587,
              37.9592639
            ],
            [
              -107.9044587,
              37.9593875
            ]
          ]
        ]
      }
    },
    {
      "type": "Feature",
      "properties": {
        "id": "aldasoro-pud-duplex-085-massing",
        "project_id": "aldasoro-pud",
        "name": "Diamond Ridge \u2014 Duplex 85/125 (~36\u00d745 ft)",
        "status": "Proposed",
        "project_type": "Housing / Land Use",
        "height_ft": 30,
        "height_m": 9.14,
        "base_m": 0,
        "floors": 2,
        "sqft": 3240,
        "hotel_rooms": null,
        "housing_units": 2,
        "source_confidence": "Estimated",
        "source_note": "Conceptual layout \u2014 125 duplex buildings \u00d7 2 units = 250 dwellings on ~17 acres. Anchored at east-center of site (entrance on Last Dollar Rd). Drawn from 'Diamond Ridge - Sizing of homes.svg' at 1 SVG unit = 1 foot. Heights tier 2-story residential at 30 ft.",
        "deep_dive_url": "",
        "primary_source_url": "",
        "last_updated": "2026-05-15"
      },
      "geometry": {
        "type": "Polygon",
        "coordinates": [
          [
            [
              -107.9044587,
              37.9591321
            ],
            [
              -107.9043336,
              37.9591321
            ],
            [
              -107.9043336,
              37.9590085
            ],
            [
              -107.9044587,
              37.9590085
            ],
            [
              -107.9044587,
              37.9591321
            ]
          ]
        ]
      }
    },
    {
      "type": "Feature",
      "properties": {
        "id": "aldasoro-pud-duplex-086-massing",
        "project_id": "aldasoro-pud",
        "name": "Diamond Ridge \u2014 Duplex 86/125 (~36\u00d745 ft)",
        "status": "Proposed",
        "project_type": "Housing / Land Use",
        "height_ft": 30,
        "height_m": 9.14,
        "base_m": 0,
        "floors": 2,
        "sqft": 3240,
        "hotel_rooms": null,
        "housing_units": 2,
        "source_confidence": "Estimated",
        "source_note": "Conceptual layout \u2014 125 duplex buildings \u00d7 2 units = 250 dwellings on ~17 acres. Anchored at east-center of site (entrance on Last Dollar Rd). Drawn from 'Diamond Ridge - Sizing of homes.svg' at 1 SVG unit = 1 foot. Heights tier 2-story residential at 30 ft.",
        "deep_dive_url": "",
        "primary_source_url": "",
        "last_updated": "2026-05-15"
      },
      "geometry": {
        "type": "Polygon",
        "coordinates": [
          [
            [
              -107.9044587,
              37.9590085
            ],
            [
              -107.9043336,
              37.9590085
            ],
            [
              -107.9043336,
              37.9588849
            ],
            [
              -107.9044587,
              37.9588849
            ],
            [
              -107.9044587,
              37.9590085
            ]
          ]
        ]
      }
    },
    {
      "type": "Feature",
      "properties": {
        "id": "aldasoro-pud-duplex-087-massing",
        "project_id": "aldasoro-pud",
        "name": "Diamond Ridge \u2014 Duplex 87/125 (~36\u00d745 ft)",
        "status": "Proposed",
        "project_type": "Housing / Land Use",
        "height_ft": 30,
        "height_m": 9.14,
        "base_m": 0,
        "floors": 2,
        "sqft": 3240,
        "hotel_rooms": null,
        "housing_units": 2,
        "source_confidence": "Estimated",
        "source_note": "Conceptual layout \u2014 125 duplex buildings \u00d7 2 units = 250 dwellings on ~17 acres. Anchored at east-center of site (entrance on Last Dollar Rd). Drawn from 'Diamond Ridge - Sizing of homes.svg' at 1 SVG unit = 1 foot. Heights tier 2-story residential at 30 ft.",
        "deep_dive_url": "",
        "primary_source_url": "",
        "last_updated": "2026-05-15"
      },
      "geometry": {
        "type": "Polygon",
        "coordinates": [
          [
            [
              -107.9044587,
              37.9587531
            ],
            [
              -107.9043336,
              37.9587531
            ],
            [
              -107.9043336,
              37.9586295
            ],
            [
              -107.9044587,
              37.9586295
            ],
            [
              -107.9044587,
              37.9587531
            ]
          ]
        ]
      }
    },
    {
      "type": "Feature",
      "properties": {
        "id": "aldasoro-pud-duplex-088-massing",
        "project_id": "aldasoro-pud",
        "name": "Diamond Ridge \u2014 Duplex 88/125 (~36\u00d745 ft)",
        "status": "Proposed",
        "project_type": "Housing / Land Use",
        "height_ft": 30,
        "height_m": 9.14,
        "base_m": 0,
        "floors": 2,
        "sqft": 3240,
        "hotel_rooms": null,
        "housing_units": 2,
        "source_confidence": "Estimated",
        "source_note": "Conceptual layout \u2014 125 duplex buildings \u00d7 2 units = 250 dwellings on ~17 acres. Anchored at east-center of site (entrance on Last Dollar Rd). Drawn from 'Diamond Ridge - Sizing of homes.svg' at 1 SVG unit = 1 foot. Heights tier 2-story residential at 30 ft.",
        "deep_dive_url": "",
        "primary_source_url": "",
        "last_updated": "2026-05-15"
      },
      "geometry": {
        "type": "Polygon",
        "coordinates": [
          [
            [
              -107.9042642,
              37.9605245
            ],
            [
              -107.9041391,
              37.9605245
            ],
            [
              -107.9041391,
              37.9604009
            ],
            [
              -107.9042642,
              37.9604009
            ],
            [
              -107.9042642,
              37.9605245
            ]
          ]
        ]
      }
    },
    {
      "type": "Feature",
      "properties": {
        "id": "aldasoro-pud-duplex-089-massing",
        "project_id": "aldasoro-pud",
        "name": "Diamond Ridge \u2014 Duplex 89/125 (~36\u00d745 ft)",
        "status": "Proposed",
        "project_type": "Housing / Land Use",
        "height_ft": 30,
        "height_m": 9.14,
        "base_m": 0,
        "floors": 2,
        "sqft": 3240,
        "hotel_rooms": null,
        "housing_units": 2,
        "source_confidence": "Estimated",
        "source_note": "Conceptual layout \u2014 125 duplex buildings \u00d7 2 units = 250 dwellings on ~17 acres. Anchored at east-center of site (entrance on Last Dollar Rd). Drawn from 'Diamond Ridge - Sizing of homes.svg' at 1 SVG unit = 1 foot. Heights tier 2-story residential at 30 ft.",
        "deep_dive_url": "",
        "primary_source_url": "",
        "last_updated": "2026-05-15"
      },
      "geometry": {
        "type": "Polygon",
        "coordinates": [
          [
            [
              -107.9042642,
              37.9602691
            ],
            [
              -107.9041391,
              37.9602691
            ],
            [
              -107.9041391,
              37.9601455
            ],
            [
              -107.9042642,
              37.9601455
            ],
            [
              -107.9042642,
              37.9602691
            ]
          ]
        ]
      }
    },
    {
      "type": "Feature",
      "properties": {
        "id": "aldasoro-pud-duplex-090-massing",
        "project_id": "aldasoro-pud",
        "name": "Diamond Ridge \u2014 Duplex 90/125 (~36\u00d745 ft)",
        "status": "Proposed",
        "project_type": "Housing / Land Use",
        "height_ft": 30,
        "height_m": 9.14,
        "base_m": 0,
        "floors": 2,
        "sqft": 3240,
        "hotel_rooms": null,
        "housing_units": 2,
        "source_confidence": "Estimated",
        "source_note": "Conceptual layout \u2014 125 duplex buildings \u00d7 2 units = 250 dwellings on ~17 acres. Anchored at east-center of site (entrance on Last Dollar Rd). Drawn from 'Diamond Ridge - Sizing of homes.svg' at 1 SVG unit = 1 foot. Heights tier 2-story residential at 30 ft.",
        "deep_dive_url": "",
        "primary_source_url": "",
        "last_updated": "2026-05-15"
      },
      "geometry": {
        "type": "Polygon",
        "coordinates": [
          [
            [
              -107.9042642,
              37.9601455
            ],
            [
              -107.9041391,
              37.9601455
            ],
            [
              -107.9041391,
              37.9600219
            ],
            [
              -107.9042642,
              37.9600219
            ],
            [
              -107.9042642,
              37.9601455
            ]
          ]
        ]
      }
    },
    {
      "type": "Feature",
      "properties": {
        "id": "aldasoro-pud-duplex-091-massing",
        "project_id": "aldasoro-pud",
        "name": "Diamond Ridge \u2014 Duplex 91/125 (~36\u00d745 ft)",
        "status": "Proposed",
        "project_type": "Housing / Land Use",
        "height_ft": 30,
        "height_m": 9.14,
        "base_m": 0,
        "floors": 2,
        "sqft": 3240,
        "hotel_rooms": null,
        "housing_units": 2,
        "source_confidence": "Estimated",
        "source_note": "Conceptual layout \u2014 125 duplex buildings \u00d7 2 units = 250 dwellings on ~17 acres. Anchored at east-center of site (entrance on Last Dollar Rd). Drawn from 'Diamond Ridge - Sizing of homes.svg' at 1 SVG unit = 1 foot. Heights tier 2-story residential at 30 ft.",
        "deep_dive_url": "",
        "primary_source_url": "",
        "last_updated": "2026-05-15"
      },
      "geometry": {
        "type": "Polygon",
        "coordinates": [
          [
            [
              -107.9042642,
              37.9598901
            ],
            [
              -107.9041391,
              37.9598901
            ],
            [
              -107.9041391,
              37.9597665
            ],
            [
              -107.9042642,
              37.9597665
            ],
            [
              -107.9042642,
              37.9598901
            ]
          ]
        ]
      }
    },
    {
      "type": "Feature",
      "properties": {
        "id": "aldasoro-pud-duplex-092-massing",
        "project_id": "aldasoro-pud",
        "name": "Diamond Ridge \u2014 Duplex 92/125 (~36\u00d745 ft)",
        "status": "Proposed",
        "project_type": "Housing / Land Use",
        "height_ft": 30,
        "height_m": 9.14,
        "base_m": 0,
        "floors": 2,
        "sqft": 3240,
        "hotel_rooms": null,
        "housing_units": 2,
        "source_confidence": "Estimated",
        "source_note": "Conceptual layout \u2014 125 duplex buildings \u00d7 2 units = 250 dwellings on ~17 acres. Anchored at east-center of site (entrance on Last Dollar Rd). Drawn from 'Diamond Ridge - Sizing of homes.svg' at 1 SVG unit = 1 foot. Heights tier 2-story residential at 30 ft.",
        "deep_dive_url": "",
        "primary_source_url": "",
        "last_updated": "2026-05-15"
      },
      "geometry": {
        "type": "Polygon",
        "coordinates": [
          [
            [
              -107.9042642,
              37.9597665
            ],
            [
              -107.9041391,
              37.9597665
            ],
            [
              -107.9041391,
              37.9596429
            ],
            [
              -107.9042642,
              37.9596429
            ],
            [
              -107.9042642,
              37.9597665
            ]
          ]
        ]
      }
    },
    {
      "type": "Feature",
      "properties": {
        "id": "aldasoro-pud-duplex-093-massing",
        "project_id": "aldasoro-pud",
        "name": "Diamond Ridge \u2014 Duplex 93/125 (~36\u00d745 ft)",
        "status": "Proposed",
        "project_type": "Housing / Land Use",
        "height_ft": 30,
        "height_m": 9.14,
        "base_m": 0,
        "floors": 2,
        "sqft": 3240,
        "hotel_rooms": null,
        "housing_units": 2,
        "source_confidence": "Estimated",
        "source_note": "Conceptual layout \u2014 125 duplex buildings \u00d7 2 units = 250 dwellings on ~17 acres. Anchored at east-center of site (entrance on Last Dollar Rd). Drawn from 'Diamond Ridge - Sizing of homes.svg' at 1 SVG unit = 1 foot. Heights tier 2-story residential at 30 ft.",
        "deep_dive_url": "",
        "primary_source_url": "",
        "last_updated": "2026-05-15"
      },
      "geometry": {
        "type": "Polygon",
        "coordinates": [
          [
            [
              -107.9042642,
              37.9595111
            ],
            [
              -107.9041391,
              37.9595111
            ],
            [
              -107.9041391,
              37.9593875
            ],
            [
              -107.9042642,
              37.9593875
            ],
            [
              -107.9042642,
              37.9595111
            ]
          ]
        ]
      }
    },
    {
      "type": "Feature",
      "properties": {
        "id": "aldasoro-pud-duplex-094-massing",
        "project_id": "aldasoro-pud",
        "name": "Diamond Ridge \u2014 Duplex 94/125 (~36\u00d745 ft)",
        "status": "Proposed",
        "project_type": "Housing / Land Use",
        "height_ft": 30,
        "height_m": 9.14,
        "base_m": 0,
        "floors": 2,
        "sqft": 3240,
        "hotel_rooms": null,
        "housing_units": 2,
        "source_confidence": "Estimated",
        "source_note": "Conceptual layout \u2014 125 duplex buildings \u00d7 2 units = 250 dwellings on ~17 acres. Anchored at east-center of site (entrance on Last Dollar Rd). Drawn from 'Diamond Ridge - Sizing of homes.svg' at 1 SVG unit = 1 foot. Heights tier 2-story residential at 30 ft.",
        "deep_dive_url": "",
        "primary_source_url": "",
        "last_updated": "2026-05-15"
      },
      "geometry": {
        "type": "Polygon",
        "coordinates": [
          [
            [
              -107.9042642,
              37.9593875
            ],
            [
              -107.9041391,
              37.9593875
            ],
            [
              -107.9041391,
              37.9592639
            ],
            [
              -107.9042642,
              37.9592639
            ],
            [
              -107.9042642,
              37.9593875
            ]
          ]
        ]
      }
    },
    {
      "type": "Feature",
      "properties": {
        "id": "aldasoro-pud-duplex-095-massing",
        "project_id": "aldasoro-pud",
        "name": "Diamond Ridge \u2014 Duplex 95/125 (~36\u00d745 ft)",
        "status": "Proposed",
        "project_type": "Housing / Land Use",
        "height_ft": 30,
        "height_m": 9.14,
        "base_m": 0,
        "floors": 2,
        "sqft": 3240,
        "hotel_rooms": null,
        "housing_units": 2,
        "source_confidence": "Estimated",
        "source_note": "Conceptual layout \u2014 125 duplex buildings \u00d7 2 units = 250 dwellings on ~17 acres. Anchored at east-center of site (entrance on Last Dollar Rd). Drawn from 'Diamond Ridge - Sizing of homes.svg' at 1 SVG unit = 1 foot. Heights tier 2-story residential at 30 ft.",
        "deep_dive_url": "",
        "primary_source_url": "",
        "last_updated": "2026-05-15"
      },
      "geometry": {
        "type": "Polygon",
        "coordinates": [
          [
            [
              -107.9042642,
              37.9591321
            ],
            [
              -107.9041391,
              37.9591321
            ],
            [
              -107.9041391,
              37.9590085
            ],
            [
              -107.9042642,
              37.9590085
            ],
            [
              -107.9042642,
              37.9591321
            ]
          ]
        ]
      }
    },
    {
      "type": "Feature",
      "properties": {
        "id": "aldasoro-pud-duplex-096-massing",
        "project_id": "aldasoro-pud",
        "name": "Diamond Ridge \u2014 Duplex 96/125 (~36\u00d745 ft)",
        "status": "Proposed",
        "project_type": "Housing / Land Use",
        "height_ft": 30,
        "height_m": 9.14,
        "base_m": 0,
        "floors": 2,
        "sqft": 3240,
        "hotel_rooms": null,
        "housing_units": 2,
        "source_confidence": "Estimated",
        "source_note": "Conceptual layout \u2014 125 duplex buildings \u00d7 2 units = 250 dwellings on ~17 acres. Anchored at east-center of site (entrance on Last Dollar Rd). Drawn from 'Diamond Ridge - Sizing of homes.svg' at 1 SVG unit = 1 foot. Heights tier 2-story residential at 30 ft.",
        "deep_dive_url": "",
        "primary_source_url": "",
        "last_updated": "2026-05-15"
      },
      "geometry": {
        "type": "Polygon",
        "coordinates": [
          [
            [
              -107.9042642,
              37.9590085
            ],
            [
              -107.9041391,
              37.9590085
            ],
            [
              -107.9041391,
              37.9588849
            ],
            [
              -107.9042642,
              37.9588849
            ],
            [
              -107.9042642,
              37.9590085
            ]
          ]
        ]
      }
    },
    {
      "type": "Feature",
      "properties": {
        "id": "aldasoro-pud-duplex-097-massing",
        "project_id": "aldasoro-pud",
        "name": "Diamond Ridge \u2014 Duplex 97/125 (~36\u00d745 ft)",
        "status": "Proposed",
        "project_type": "Housing / Land Use",
        "height_ft": 30,
        "height_m": 9.14,
        "base_m": 0,
        "floors": 2,
        "sqft": 3240,
        "hotel_rooms": null,
        "housing_units": 2,
        "source_confidence": "Estimated",
        "source_note": "Conceptual layout \u2014 125 duplex buildings \u00d7 2 units = 250 dwellings on ~17 acres. Anchored at east-center of site (entrance on Last Dollar Rd). Drawn from 'Diamond Ridge - Sizing of homes.svg' at 1 SVG unit = 1 foot. Heights tier 2-story residential at 30 ft.",
        "deep_dive_url": "",
        "primary_source_url": "",
        "last_updated": "2026-05-15"
      },
      "geometry": {
        "type": "Polygon",
        "coordinates": [
          [
            [
              -107.9042642,
              37.9587531
            ],
            [
              -107.9041391,
              37.9587531
            ],
            [
              -107.9041391,
              37.9586295
            ],
            [
              -107.9042642,
              37.9586295
            ],
            [
              -107.9042642,
              37.9587531
            ]
          ]
        ]
      }
    },
    {
      "type": "Feature",
      "properties": {
        "id": "aldasoro-pud-duplex-098-massing",
        "project_id": "aldasoro-pud",
        "name": "Diamond Ridge \u2014 Duplex 98/125 (~36\u00d745 ft)",
        "status": "Proposed",
        "project_type": "Housing / Land Use",
        "height_ft": 30,
        "height_m": 9.14,
        "base_m": 0,
        "floors": 2,
        "sqft": 3240,
        "hotel_rooms": null,
        "housing_units": 2,
        "source_confidence": "Estimated",
        "source_note": "Conceptual layout \u2014 125 duplex buildings \u00d7 2 units = 250 dwellings on ~17 acres. Anchored at east-center of site (entrance on Last Dollar Rd). Drawn from 'Diamond Ridge - Sizing of homes.svg' at 1 SVG unit = 1 foot. Heights tier 2-story residential at 30 ft.",
        "deep_dive_url": "",
        "primary_source_url": "",
        "last_updated": "2026-05-15"
      },
      "geometry": {
        "type": "Polygon",
        "coordinates": [
          [
            [
              -107.9040696,
              37.9605245
            ],
            [
              -107.9039445,
              37.9605245
            ],
            [
              -107.9039445,
              37.9604009
            ],
            [
              -107.9040696,
              37.9604009
            ],
            [
              -107.9040696,
              37.9605245
            ]
          ]
        ]
      }
    },
    {
      "type": "Feature",
      "properties": {
        "id": "aldasoro-pud-duplex-099-massing",
        "project_id": "aldasoro-pud",
        "name": "Diamond Ridge \u2014 Duplex 99/125 (~36\u00d745 ft)",
        "status": "Proposed",
        "project_type": "Housing / Land Use",
        "height_ft": 30,
        "height_m": 9.14,
        "base_m": 0,
        "floors": 2,
        "sqft": 3240,
        "hotel_rooms": null,
        "housing_units": 2,
        "source_confidence": "Estimated",
        "source_note": "Conceptual layout \u2014 125 duplex buildings \u00d7 2 units = 250 dwellings on ~17 acres. Anchored at east-center of site (entrance on Last Dollar Rd). Drawn from 'Diamond Ridge - Sizing of homes.svg' at 1 SVG unit = 1 foot. Heights tier 2-story residential at 30 ft.",
        "deep_dive_url": "",
        "primary_source_url": "",
        "last_updated": "2026-05-15"
      },
      "geometry": {
        "type": "Polygon",
        "coordinates": [
          [
            [
              -107.9040696,
              37.9602691
            ],
            [
              -107.9039445,
              37.9602691
            ],
            [
              -107.9039445,
              37.9601455
            ],
            [
              -107.9040696,
              37.9601455
            ],
            [
              -107.9040696,
              37.9602691
            ]
          ]
        ]
      }
    },
    {
      "type": "Feature",
      "properties": {
        "id": "aldasoro-pud-duplex-100-massing",
        "project_id": "aldasoro-pud",
        "name": "Diamond Ridge \u2014 Duplex 100/125 (~36\u00d745 ft)",
        "status": "Proposed",
        "project_type": "Housing / Land Use",
        "height_ft": 30,
        "height_m": 9.14,
        "base_m": 0,
        "floors": 2,
        "sqft": 3240,
        "hotel_rooms": null,
        "housing_units": 2,
        "source_confidence": "Estimated",
        "source_note": "Conceptual layout \u2014 125 duplex buildings \u00d7 2 units = 250 dwellings on ~17 acres. Anchored at east-center of site (entrance on Last Dollar Rd). Drawn from 'Diamond Ridge - Sizing of homes.svg' at 1 SVG unit = 1 foot. Heights tier 2-story residential at 30 ft.",
        "deep_dive_url": "",
        "primary_source_url": "",
        "last_updated": "2026-05-15"
      },
      "geometry": {
        "type": "Polygon",
        "coordinates": [
          [
            [
              -107.9040696,
              37.9601455
            ],
            [
              -107.9039445,
              37.9601455
            ],
            [
              -107.9039445,
              37.9600219
            ],
            [
              -107.9040696,
              37.9600219
            ],
            [
              -107.9040696,
              37.9601455
            ]
          ]
        ]
      }
    },
    {
      "type": "Feature",
      "properties": {
        "id": "aldasoro-pud-duplex-101-massing",
        "project_id": "aldasoro-pud",
        "name": "Diamond Ridge \u2014 Duplex 101/125 (~36\u00d745 ft)",
        "status": "Proposed",
        "project_type": "Housing / Land Use",
        "height_ft": 30,
        "height_m": 9.14,
        "base_m": 0,
        "floors": 2,
        "sqft": 3240,
        "hotel_rooms": null,
        "housing_units": 2,
        "source_confidence": "Estimated",
        "source_note": "Conceptual layout \u2014 125 duplex buildings \u00d7 2 units = 250 dwellings on ~17 acres. Anchored at east-center of site (entrance on Last Dollar Rd). Drawn from 'Diamond Ridge - Sizing of homes.svg' at 1 SVG unit = 1 foot. Heights tier 2-story residential at 30 ft.",
        "deep_dive_url": "",
        "primary_source_url": "",
        "last_updated": "2026-05-15"
      },
      "geometry": {
        "type": "Polygon",
        "coordinates": [
          [
            [
              -107.9040696,
              37.9598901
            ],
            [
              -107.9039445,
              37.9598901
            ],
            [
              -107.9039445,
              37.9597665
            ],
            [
              -107.9040696,
              37.9597665
            ],
            [
              -107.9040696,
              37.9598901
            ]
          ]
        ]
      }
    },
    {
      "type": "Feature",
      "properties": {
        "id": "aldasoro-pud-duplex-102-massing",
        "project_id": "aldasoro-pud",
        "name": "Diamond Ridge \u2014 Duplex 102/125 (~36\u00d745 ft)",
        "status": "Proposed",
        "project_type": "Housing / Land Use",
        "height_ft": 30,
        "height_m": 9.14,
        "base_m": 0,
        "floors": 2,
        "sqft": 3240,
        "hotel_rooms": null,
        "housing_units": 2,
        "source_confidence": "Estimated",
        "source_note": "Conceptual layout \u2014 125 duplex buildings \u00d7 2 units = 250 dwellings on ~17 acres. Anchored at east-center of site (entrance on Last Dollar Rd). Drawn from 'Diamond Ridge - Sizing of homes.svg' at 1 SVG unit = 1 foot. Heights tier 2-story residential at 30 ft.",
        "deep_dive_url": "",
        "primary_source_url": "",
        "last_updated": "2026-05-15"
      },
      "geometry": {
        "type": "Polygon",
        "coordinates": [
          [
            [
              -107.9040696,
              37.9597665
            ],
            [
              -107.9039445,
              37.9597665
            ],
            [
              -107.9039445,
              37.9596429
            ],
            [
              -107.9040696,
              37.9596429
            ],
            [
              -107.9040696,
              37.9597665
            ]
          ]
        ]
      }
    },
    {
      "type": "Feature",
      "properties": {
        "id": "aldasoro-pud-duplex-103-massing",
        "project_id": "aldasoro-pud",
        "name": "Diamond Ridge \u2014 Duplex 103/125 (~36\u00d745 ft)",
        "status": "Proposed",
        "project_type": "Housing / Land Use",
        "height_ft": 30,
        "height_m": 9.14,
        "base_m": 0,
        "floors": 2,
        "sqft": 3240,
        "hotel_rooms": null,
        "housing_units": 2,
        "source_confidence": "Estimated",
        "source_note": "Conceptual layout \u2014 125 duplex buildings \u00d7 2 units = 250 dwellings on ~17 acres. Anchored at east-center of site (entrance on Last Dollar Rd). Drawn from 'Diamond Ridge - Sizing of homes.svg' at 1 SVG unit = 1 foot. Heights tier 2-story residential at 30 ft.",
        "deep_dive_url": "",
        "primary_source_url": "",
        "last_updated": "2026-05-15"
      },
      "geometry": {
        "type": "Polygon",
        "coordinates": [
          [
            [
              -107.9040696,
              37.9595111
            ],
            [
              -107.9039445,
              37.9595111
            ],
            [
              -107.9039445,
              37.9593875
            ],
            [
              -107.9040696,
              37.9593875
            ],
            [
              -107.9040696,
              37.9595111
            ]
          ]
        ]
      }
    },
    {
      "type": "Feature",
      "properties": {
        "id": "aldasoro-pud-duplex-104-massing",
        "project_id": "aldasoro-pud",
        "name": "Diamond Ridge \u2014 Duplex 104/125 (~36\u00d745 ft)",
        "status": "Proposed",
        "project_type": "Housing / Land Use",
        "height_ft": 30,
        "height_m": 9.14,
        "base_m": 0,
        "floors": 2,
        "sqft": 3240,
        "hotel_rooms": null,
        "housing_units": 2,
        "source_confidence": "Estimated",
        "source_note": "Conceptual layout \u2014 125 duplex buildings \u00d7 2 units = 250 dwellings on ~17 acres. Anchored at east-center of site (entrance on Last Dollar Rd). Drawn from 'Diamond Ridge - Sizing of homes.svg' at 1 SVG unit = 1 foot. Heights tier 2-story residential at 30 ft.",
        "deep_dive_url": "",
        "primary_source_url": "",
        "last_updated": "2026-05-15"
      },
      "geometry": {
        "type": "Polygon",
        "coordinates": [
          [
            [
              -107.9040696,
              37.9593875
            ],
            [
              -107.9039445,
              37.9593875
            ],
            [
              -107.9039445,
              37.9592639
            ],
            [
              -107.9040696,
              37.9592639
            ],
            [
              -107.9040696,
              37.9593875
            ]
          ]
        ]
      }
    },
    {
      "type": "Feature",
      "properties": {
        "id": "aldasoro-pud-duplex-105-massing",
        "project_id": "aldasoro-pud",
        "name": "Diamond Ridge \u2014 Duplex 105/125 (~36\u00d745 ft)",
        "status": "Proposed",
        "project_type": "Housing / Land Use",
        "height_ft": 30,
        "height_m": 9.14,
        "base_m": 0,
        "floors": 2,
        "sqft": 3240,
        "hotel_rooms": null,
        "housing_units": 2,
        "source_confidence": "Estimated",
        "source_note": "Conceptual layout \u2014 125 duplex buildings \u00d7 2 units = 250 dwellings on ~17 acres. Anchored at east-center of site (entrance on Last Dollar Rd). Drawn from 'Diamond Ridge - Sizing of homes.svg' at 1 SVG unit = 1 foot. Heights tier 2-story residential at 30 ft.",
        "deep_dive_url": "",
        "primary_source_url": "",
        "last_updated": "2026-05-15"
      },
      "geometry": {
        "type": "Polygon",
        "coordinates": [
          [
            [
              -107.9040696,
              37.9591321
            ],
            [
              -107.9039445,
              37.9591321
            ],
            [
              -107.9039445,
              37.9590085
            ],
            [
              -107.9040696,
              37.9590085
            ],
            [
              -107.9040696,
              37.9591321
            ]
          ]
        ]
      }
    },
    {
      "type": "Feature",
      "properties": {
        "id": "aldasoro-pud-duplex-106-massing",
        "project_id": "aldasoro-pud",
        "name": "Diamond Ridge \u2014 Duplex 106/125 (~36\u00d745 ft)",
        "status": "Proposed",
        "project_type": "Housing / Land Use",
        "height_ft": 30,
        "height_m": 9.14,
        "base_m": 0,
        "floors": 2,
        "sqft": 3240,
        "hotel_rooms": null,
        "housing_units": 2,
        "source_confidence": "Estimated",
        "source_note": "Conceptual layout \u2014 125 duplex buildings \u00d7 2 units = 250 dwellings on ~17 acres. Anchored at east-center of site (entrance on Last Dollar Rd). Drawn from 'Diamond Ridge - Sizing of homes.svg' at 1 SVG unit = 1 foot. Heights tier 2-story residential at 30 ft.",
        "deep_dive_url": "",
        "primary_source_url": "",
        "last_updated": "2026-05-15"
      },
      "geometry": {
        "type": "Polygon",
        "coordinates": [
          [
            [
              -107.9040696,
              37.9590085
            ],
            [
              -107.9039445,
              37.9590085
            ],
            [
              -107.9039445,
              37.9588849
            ],
            [
              -107.9040696,
              37.9588849
            ],
            [
              -107.9040696,
              37.9590085
            ]
          ]
        ]
      }
    },
    {
      "type": "Feature",
      "properties": {
        "id": "aldasoro-pud-duplex-107-massing",
        "project_id": "aldasoro-pud",
        "name": "Diamond Ridge \u2014 Duplex 107/125 (~36\u00d745 ft)",
        "status": "Proposed",
        "project_type": "Housing / Land Use",
        "height_ft": 30,
        "height_m": 9.14,
        "base_m": 0,
        "floors": 2,
        "sqft": 3240,
        "hotel_rooms": null,
        "housing_units": 2,
        "source_confidence": "Estimated",
        "source_note": "Conceptual layout \u2014 125 duplex buildings \u00d7 2 units = 250 dwellings on ~17 acres. Anchored at east-center of site (entrance on Last Dollar Rd). Drawn from 'Diamond Ridge - Sizing of homes.svg' at 1 SVG unit = 1 foot. Heights tier 2-story residential at 30 ft.",
        "deep_dive_url": "",
        "primary_source_url": "",
        "last_updated": "2026-05-15"
      },
      "geometry": {
        "type": "Polygon",
        "coordinates": [
          [
            [
              -107.9040696,
              37.9587531
            ],
            [
              -107.9039445,
              37.9587531
            ],
            [
              -107.9039445,
              37.9586295
            ],
            [
              -107.9040696,
              37.9586295
            ],
            [
              -107.9040696,
              37.9587531
            ]
          ]
        ]
      }
    },
    {
      "type": "Feature",
      "properties": {
        "id": "aldasoro-pud-duplex-108-massing",
        "project_id": "aldasoro-pud",
        "name": "Diamond Ridge \u2014 Duplex 108/125 (~36\u00d745 ft)",
        "status": "Proposed",
        "project_type": "Housing / Land Use",
        "height_ft": 30,
        "height_m": 9.14,
        "base_m": 0,
        "floors": 2,
        "sqft": 3240,
        "hotel_rooms": null,
        "housing_units": 2,
        "source_confidence": "Estimated",
        "source_note": "Conceptual layout \u2014 125 duplex buildings \u00d7 2 units = 250 dwellings on ~17 acres. Anchored at east-center of site (entrance on Last Dollar Rd). Drawn from 'Diamond Ridge - Sizing of homes.svg' at 1 SVG unit = 1 foot. Heights tier 2-story residential at 30 ft.",
        "deep_dive_url": "",
        "primary_source_url": "",
        "last_updated": "2026-05-15"
      },
      "geometry": {
        "type": "Polygon",
        "coordinates": [
          [
            [
              -107.903875,
              37.9605245
            ],
            [
              -107.9037499,
              37.9605245
            ],
            [
              -107.9037499,
              37.9604009
            ],
            [
              -107.903875,
              37.9604009
            ],
            [
              -107.903875,
              37.9605245
            ]
          ]
        ]
      }
    },
    {
      "type": "Feature",
      "properties": {
        "id": "aldasoro-pud-duplex-109-massing",
        "project_id": "aldasoro-pud",
        "name": "Diamond Ridge \u2014 Duplex 109/125 (~36\u00d745 ft)",
        "status": "Proposed",
        "project_type": "Housing / Land Use",
        "height_ft": 30,
        "height_m": 9.14,
        "base_m": 0,
        "floors": 2,
        "sqft": 3240,
        "hotel_rooms": null,
        "housing_units": 2,
        "source_confidence": "Estimated",
        "source_note": "Conceptual layout \u2014 125 duplex buildings \u00d7 2 units = 250 dwellings on ~17 acres. Anchored at east-center of site (entrance on Last Dollar Rd). Drawn from 'Diamond Ridge - Sizing of homes.svg' at 1 SVG unit = 1 foot. Heights tier 2-story residential at 30 ft.",
        "deep_dive_url": "",
        "primary_source_url": "",
        "last_updated": "2026-05-15"
      },
      "geometry": {
        "type": "Polygon",
        "coordinates": [
          [
            [
              -107.903875,
              37.9602691
            ],
            [
              -107.9037499,
              37.9602691
            ],
            [
              -107.9037499,
              37.9601455
            ],
            [
              -107.903875,
              37.9601455
            ],
            [
              -107.903875,
              37.9602691
            ]
          ]
        ]
      }
    },
    {
      "type": "Feature",
      "properties": {
        "id": "aldasoro-pud-duplex-110-massing",
        "project_id": "aldasoro-pud",
        "name": "Diamond Ridge \u2014 Duplex 110/125 (~36\u00d745 ft)",
        "status": "Proposed",
        "project_type": "Housing / Land Use",
        "height_ft": 30,
        "height_m": 9.14,
        "base_m": 0,
        "floors": 2,
        "sqft": 3240,
        "hotel_rooms": null,
        "housing_units": 2,
        "source_confidence": "Estimated",
        "source_note": "Conceptual layout \u2014 125 duplex buildings \u00d7 2 units = 250 dwellings on ~17 acres. Anchored at east-center of site (entrance on Last Dollar Rd). Drawn from 'Diamond Ridge - Sizing of homes.svg' at 1 SVG unit = 1 foot. Heights tier 2-story residential at 30 ft.",
        "deep_dive_url": "",
        "primary_source_url": "",
        "last_updated": "2026-05-15"
      },
      "geometry": {
        "type": "Polygon",
        "coordinates": [
          [
            [
              -107.903875,
              37.9601455
            ],
            [
              -107.9037499,
              37.9601455
            ],
            [
              -107.9037499,
              37.9600219
            ],
            [
              -107.903875,
              37.9600219
            ],
            [
              -107.903875,
              37.9601455
            ]
          ]
        ]
      }
    },
    {
      "type": "Feature",
      "properties": {
        "id": "aldasoro-pud-duplex-111-massing",
        "project_id": "aldasoro-pud",
        "name": "Diamond Ridge \u2014 Duplex 111/125 (~36\u00d745 ft)",
        "status": "Proposed",
        "project_type": "Housing / Land Use",
        "height_ft": 30,
        "height_m": 9.14,
        "base_m": 0,
        "floors": 2,
        "sqft": 3240,
        "hotel_rooms": null,
        "housing_units": 2,
        "source_confidence": "Estimated",
        "source_note": "Conceptual layout \u2014 125 duplex buildings \u00d7 2 units = 250 dwellings on ~17 acres. Anchored at east-center of site (entrance on Last Dollar Rd). Drawn from 'Diamond Ridge - Sizing of homes.svg' at 1 SVG unit = 1 foot. Heights tier 2-story residential at 30 ft.",
        "deep_dive_url": "",
        "primary_source_url": "",
        "last_updated": "2026-05-15"
      },
      "geometry": {
        "type": "Polygon",
        "coordinates": [
          [
            [
              -107.903875,
              37.9598901
            ],
            [
              -107.9037499,
              37.9598901
            ],
            [
              -107.9037499,
              37.9597665
            ],
            [
              -107.903875,
              37.9597665
            ],
            [
              -107.903875,
              37.9598901
            ]
          ]
        ]
      }
    },
    {
      "type": "Feature",
      "properties": {
        "id": "aldasoro-pud-duplex-112-massing",
        "project_id": "aldasoro-pud",
        "name": "Diamond Ridge \u2014 Duplex 112/125 (~36\u00d745 ft)",
        "status": "Proposed",
        "project_type": "Housing / Land Use",
        "height_ft": 30,
        "height_m": 9.14,
        "base_m": 0,
        "floors": 2,
        "sqft": 3240,
        "hotel_rooms": null,
        "housing_units": 2,
        "source_confidence": "Estimated",
        "source_note": "Conceptual layout \u2014 125 duplex buildings \u00d7 2 units = 250 dwellings on ~17 acres. Anchored at east-center of site (entrance on Last Dollar Rd). Drawn from 'Diamond Ridge - Sizing of homes.svg' at 1 SVG unit = 1 foot. Heights tier 2-story residential at 30 ft.",
        "deep_dive_url": "",
        "primary_source_url": "",
        "last_updated": "2026-05-15"
      },
      "geometry": {
        "type": "Polygon",
        "coordinates": [
          [
            [
              -107.903875,
              37.9597665
            ],
            [
              -107.9037499,
              37.9597665
            ],
            [
              -107.9037499,
              37.9596429
            ],
            [
              -107.903875,
              37.9596429
            ],
            [
              -107.903875,
              37.9597665
            ]
          ]
        ]
      }
    },
    {
      "type": "Feature",
      "properties": {
        "id": "aldasoro-pud-duplex-113-massing",
        "project_id": "aldasoro-pud",
        "name": "Diamond Ridge \u2014 Duplex 113/125 (~36\u00d745 ft)",
        "status": "Proposed",
        "project_type": "Housing / Land Use",
        "height_ft": 30,
        "height_m": 9.14,
        "base_m": 0,
        "floors": 2,
        "sqft": 3240,
        "hotel_rooms": null,
        "housing_units": 2,
        "source_confidence": "Estimated",
        "source_note": "Conceptual layout \u2014 125 duplex buildings \u00d7 2 units = 250 dwellings on ~17 acres. Anchored at east-center of site (entrance on Last Dollar Rd). Drawn from 'Diamond Ridge - Sizing of homes.svg' at 1 SVG unit = 1 foot. Heights tier 2-story residential at 30 ft.",
        "deep_dive_url": "",
        "primary_source_url": "",
        "last_updated": "2026-05-15"
      },
      "geometry": {
        "type": "Polygon",
        "coordinates": [
          [
            [
              -107.903875,
              37.9595111
            ],
            [
              -107.9037499,
              37.9595111
            ],
            [
              -107.9037499,
              37.9593875
            ],
            [
              -107.903875,
              37.9593875
            ],
            [
              -107.903875,
              37.9595111
            ]
          ]
        ]
      }
    },
    {
      "type": "Feature",
      "properties": {
        "id": "aldasoro-pud-duplex-114-massing",
        "project_id": "aldasoro-pud",
        "name": "Diamond Ridge \u2014 Duplex 114/125 (~36\u00d745 ft)",
        "status": "Proposed",
        "project_type": "Housing / Land Use",
        "height_ft": 30,
        "height_m": 9.14,
        "base_m": 0,
        "floors": 2,
        "sqft": 3240,
        "hotel_rooms": null,
        "housing_units": 2,
        "source_confidence": "Estimated",
        "source_note": "Conceptual layout \u2014 125 duplex buildings \u00d7 2 units = 250 dwellings on ~17 acres. Anchored at east-center of site (entrance on Last Dollar Rd). Drawn from 'Diamond Ridge - Sizing of homes.svg' at 1 SVG unit = 1 foot. Heights tier 2-story residential at 30 ft.",
        "deep_dive_url": "",
        "primary_source_url": "",
        "last_updated": "2026-05-15"
      },
      "geometry": {
        "type": "Polygon",
        "coordinates": [
          [
            [
              -107.903875,
              37.9593875
            ],
            [
              -107.9037499,
              37.9593875
            ],
            [
              -107.9037499,
              37.9592639
            ],
            [
              -107.903875,
              37.9592639
            ],
            [
              -107.903875,
              37.9593875
            ]
          ]
        ]
      }
    },
    {
      "type": "Feature",
      "properties": {
        "id": "aldasoro-pud-duplex-115-massing",
        "project_id": "aldasoro-pud",
        "name": "Diamond Ridge \u2014 Duplex 115/125 (~36\u00d745 ft)",
        "status": "Proposed",
        "project_type": "Housing / Land Use",
        "height_ft": 30,
        "height_m": 9.14,
        "base_m": 0,
        "floors": 2,
        "sqft": 3240,
        "hotel_rooms": null,
        "housing_units": 2,
        "source_confidence": "Estimated",
        "source_note": "Conceptual layout \u2014 125 duplex buildings \u00d7 2 units = 250 dwellings on ~17 acres. Anchored at east-center of site (entrance on Last Dollar Rd). Drawn from 'Diamond Ridge - Sizing of homes.svg' at 1 SVG unit = 1 foot. Heights tier 2-story residential at 30 ft.",
        "deep_dive_url": "",
        "primary_source_url": "",
        "last_updated": "2026-05-15"
      },
      "geometry": {
        "type": "Polygon",
        "coordinates": [
          [
            [
              -107.903875,
              37.9591321
            ],
            [
              -107.9037499,
              37.9591321
            ],
            [
              -107.9037499,
              37.9590085
            ],
            [
              -107.903875,
              37.9590085
            ],
            [
              -107.903875,
              37.9591321
            ]
          ]
        ]
      }
    },
    {
      "type": "Feature",
      "properties": {
        "id": "aldasoro-pud-duplex-116-massing",
        "project_id": "aldasoro-pud",
        "name": "Diamond Ridge \u2014 Duplex 116/125 (~36\u00d745 ft)",
        "status": "Proposed",
        "project_type": "Housing / Land Use",
        "height_ft": 30,
        "height_m": 9.14,
        "base_m": 0,
        "floors": 2,
        "sqft": 3240,
        "hotel_rooms": null,
        "housing_units": 2,
        "source_confidence": "Estimated",
        "source_note": "Conceptual layout \u2014 125 duplex buildings \u00d7 2 units = 250 dwellings on ~17 acres. Anchored at east-center of site (entrance on Last Dollar Rd). Drawn from 'Diamond Ridge - Sizing of homes.svg' at 1 SVG unit = 1 foot. Heights tier 2-story residential at 30 ft.",
        "deep_dive_url": "",
        "primary_source_url": "",
        "last_updated": "2026-05-15"
      },
      "geometry": {
        "type": "Polygon",
        "coordinates": [
          [
            [
              -107.903875,
              37.9590085
            ],
            [
              -107.9037499,
              37.9590085
            ],
            [
              -107.9037499,
              37.9588849
            ],
            [
              -107.903875,
              37.9588849
            ],
            [
              -107.903875,
              37.9590085
            ]
          ]
        ]
      }
    },
    {
      "type": "Feature",
      "properties": {
        "id": "aldasoro-pud-duplex-117-massing",
        "project_id": "aldasoro-pud",
        "name": "Diamond Ridge \u2014 Duplex 117/125 (~36\u00d745 ft)",
        "status": "Proposed",
        "project_type": "Housing / Land Use",
        "height_ft": 30,
        "height_m": 9.14,
        "base_m": 0,
        "floors": 2,
        "sqft": 3240,
        "hotel_rooms": null,
        "housing_units": 2,
        "source_confidence": "Estimated",
        "source_note": "Conceptual layout \u2014 125 duplex buildings \u00d7 2 units = 250 dwellings on ~17 acres. Anchored at east-center of site (entrance on Last Dollar Rd). Drawn from 'Diamond Ridge - Sizing of homes.svg' at 1 SVG unit = 1 foot. Heights tier 2-story residential at 30 ft.",
        "deep_dive_url": "",
        "primary_source_url": "",
        "last_updated": "2026-05-15"
      },
      "geometry": {
        "type": "Polygon",
        "coordinates": [
          [
            [
              -107.903875,
              37.9587531
            ],
            [
              -107.9037499,
              37.9587531
            ],
            [
              -107.9037499,
              37.9586295
            ],
            [
              -107.903875,
              37.9586295
            ],
            [
              -107.903875,
              37.9587531
            ]
          ]
        ]
      }
    },
    {
      "type": "Feature",
      "properties": {
        "id": "aldasoro-pud-duplex-118-massing",
        "project_id": "aldasoro-pud",
        "name": "Diamond Ridge \u2014 Duplex 118/125 (~36\u00d745 ft)",
        "status": "Proposed",
        "project_type": "Housing / Land Use",
        "height_ft": 30,
        "height_m": 9.14,
        "base_m": 0,
        "floors": 2,
        "sqft": 3240,
        "hotel_rooms": null,
        "housing_units": 2,
        "source_confidence": "Estimated",
        "source_note": "Conceptual layout \u2014 125 duplex buildings \u00d7 2 units = 250 dwellings on ~17 acres. Anchored at east-center of site (entrance on Last Dollar Rd). Drawn from 'Diamond Ridge - Sizing of homes.svg' at 1 SVG unit = 1 foot. Heights tier 2-story residential at 30 ft.",
        "deep_dive_url": "",
        "primary_source_url": "",
        "last_updated": "2026-05-15"
      },
      "geometry": {
        "type": "Polygon",
        "coordinates": [
          [
            [
              -107.9036804,
              37.9605245
            ],
            [
              -107.9035553,
              37.9605245
            ],
            [
              -107.9035553,
              37.9604009
            ],
            [
              -107.9036804,
              37.9604009
            ],
            [
              -107.9036804,
              37.9605245
            ]
          ]
        ]
      }
    },
    {
      "type": "Feature",
      "properties": {
        "id": "aldasoro-pud-duplex-119-massing",
        "project_id": "aldasoro-pud",
        "name": "Diamond Ridge \u2014 Duplex 119/125 (~36\u00d745 ft)",
        "status": "Proposed",
        "project_type": "Housing / Land Use",
        "height_ft": 30,
        "height_m": 9.14,
        "base_m": 0,
        "floors": 2,
        "sqft": 3240,
        "hotel_rooms": null,
        "housing_units": 2,
        "source_confidence": "Estimated",
        "source_note": "Conceptual layout \u2014 125 duplex buildings \u00d7 2 units = 250 dwellings on ~17 acres. Anchored at east-center of site (entrance on Last Dollar Rd). Drawn from 'Diamond Ridge - Sizing of homes.svg' at 1 SVG unit = 1 foot. Heights tier 2-story residential at 30 ft.",
        "deep_dive_url": "",
        "primary_source_url": "",
        "last_updated": "2026-05-15"
      },
      "geometry": {
        "type": "Polygon",
        "coordinates": [
          [
            [
              -107.9036804,
              37.9602691
            ],
            [
              -107.9035553,
              37.9602691
            ],
            [
              -107.9035553,
              37.9601455
            ],
            [
              -107.9036804,
              37.9601455
            ],
            [
              -107.9036804,
              37.9602691
            ]
          ]
        ]
      }
    },
    {
      "type": "Feature",
      "properties": {
        "id": "aldasoro-pud-duplex-120-massing",
        "project_id": "aldasoro-pud",
        "name": "Diamond Ridge \u2014 Duplex 120/125 (~36\u00d745 ft)",
        "status": "Proposed",
        "project_type": "Housing / Land Use",
        "height_ft": 30,
        "height_m": 9.14,
        "base_m": 0,
        "floors": 2,
        "sqft": 3240,
        "hotel_rooms": null,
        "housing_units": 2,
        "source_confidence": "Estimated",
        "source_note": "Conceptual layout \u2014 125 duplex buildings \u00d7 2 units = 250 dwellings on ~17 acres. Anchored at east-center of site (entrance on Last Dollar Rd). Drawn from 'Diamond Ridge - Sizing of homes.svg' at 1 SVG unit = 1 foot. Heights tier 2-story residential at 30 ft.",
        "deep_dive_url": "",
        "primary_source_url": "",
        "last_updated": "2026-05-15"
      },
      "geometry": {
        "type": "Polygon",
        "coordinates": [
          [
            [
              -107.9036804,
              37.9601455
            ],
            [
              -107.9035553,
              37.9601455
            ],
            [
              -107.9035553,
              37.9600219
            ],
            [
              -107.9036804,
              37.9600219
            ],
            [
              -107.9036804,
              37.9601455
            ]
          ]
        ]
      }
    },
    {
      "type": "Feature",
      "properties": {
        "id": "aldasoro-pud-duplex-121-massing",
        "project_id": "aldasoro-pud",
        "name": "Diamond Ridge \u2014 Duplex 121/125 (~36\u00d745 ft)",
        "status": "Proposed",
        "project_type": "Housing / Land Use",
        "height_ft": 30,
        "height_m": 9.14,
        "base_m": 0,
        "floors": 2,
        "sqft": 3240,
        "hotel_rooms": null,
        "housing_units": 2,
        "source_confidence": "Estimated",
        "source_note": "Conceptual layout \u2014 125 duplex buildings \u00d7 2 units = 250 dwellings on ~17 acres. Anchored at east-center of site (entrance on Last Dollar Rd). Drawn from 'Diamond Ridge - Sizing of homes.svg' at 1 SVG unit = 1 foot. Heights tier 2-story residential at 30 ft.",
        "deep_dive_url": "",
        "primary_source_url": "",
        "last_updated": "2026-05-15"
      },
      "geometry": {
        "type": "Polygon",
        "coordinates": [
          [
            [
              -107.9036804,
              37.9597665
            ],
            [
              -107.9035553,
              37.9597665
            ],
            [
              -107.9035553,
              37.9596429
            ],
            [
              -107.9036804,
              37.9596429
            ],
            [
              -107.9036804,
              37.9597665
            ]
          ]
        ]
      }
    },
    {
      "type": "Feature",
      "properties": {
        "id": "aldasoro-pud-duplex-122-massing",
        "project_id": "aldasoro-pud",
        "name": "Diamond Ridge \u2014 Duplex 122/125 (~36\u00d745 ft)",
        "status": "Proposed",
        "project_type": "Housing / Land Use",
        "height_ft": 30,
        "height_m": 9.14,
        "base_m": 0,
        "floors": 2,
        "sqft": 3240,
        "hotel_rooms": null,
        "housing_units": 2,
        "source_confidence": "Estimated",
        "source_note": "Conceptual layout \u2014 125 duplex buildings \u00d7 2 units = 250 dwellings on ~17 acres. Anchored at east-center of site (entrance on Last Dollar Rd). Drawn from 'Diamond Ridge - Sizing of homes.svg' at 1 SVG unit = 1 foot. Heights tier 2-story residential at 30 ft.",
        "deep_dive_url": "",
        "primary_source_url": "",
        "last_updated": "2026-05-15"
      },
      "geometry": {
        "type": "Polygon",
        "coordinates": [
          [
            [
              -107.9036804,
              37.9595111
            ],
            [
              -107.9035553,
              37.9595111
            ],
            [
              -107.9035553,
              37.9593875
            ],
            [
              -107.9036804,
              37.9593875
            ],
            [
              -107.9036804,
              37.9595111
            ]
          ]
        ]
      }
    },
    {
      "type": "Feature",
      "properties": {
        "id": "aldasoro-pud-duplex-123-massing",
        "project_id": "aldasoro-pud",
        "name": "Diamond Ridge \u2014 Duplex 123/125 (~36\u00d745 ft)",
        "status": "Proposed",
        "project_type": "Housing / Land Use",
        "height_ft": 30,
        "height_m": 9.14,
        "base_m": 0,
        "floors": 2,
        "sqft": 3240,
        "hotel_rooms": null,
        "housing_units": 2,
        "source_confidence": "Estimated",
        "source_note": "Conceptual layout \u2014 125 duplex buildings \u00d7 2 units = 250 dwellings on ~17 acres. Anchored at east-center of site (entrance on Last Dollar Rd). Drawn from 'Diamond Ridge - Sizing of homes.svg' at 1 SVG unit = 1 foot. Heights tier 2-story residential at 30 ft.",
        "deep_dive_url": "",
        "primary_source_url": "",
        "last_updated": "2026-05-15"
      },
      "geometry": {
        "type": "Polygon",
        "coordinates": [
          [
            [
              -107.9036804,
              37.9593875
            ],
            [
              -107.9035553,
              37.9593875
            ],
            [
              -107.9035553,
              37.9592639
            ],
            [
              -107.9036804,
              37.9592639
            ],
            [
              -107.9036804,
              37.9593875
            ]
          ]
        ]
      }
    },
    {
      "type": "Feature",
      "properties": {
        "id": "aldasoro-pud-duplex-124-massing",
        "project_id": "aldasoro-pud",
        "name": "Diamond Ridge \u2014 Duplex 124/125 (~36\u00d745 ft)",
        "status": "Proposed",
        "project_type": "Housing / Land Use",
        "height_ft": 30,
        "height_m": 9.14,
        "base_m": 0,
        "floors": 2,
        "sqft": 3240,
        "hotel_rooms": null,
        "housing_units": 2,
        "source_confidence": "Estimated",
        "source_note": "Conceptual layout \u2014 125 duplex buildings \u00d7 2 units = 250 dwellings on ~17 acres. Anchored at east-center of site (entrance on Last Dollar Rd). Drawn from 'Diamond Ridge - Sizing of homes.svg' at 1 SVG unit = 1 foot. Heights tier 2-story residential at 30 ft.",
        "deep_dive_url": "",
        "primary_source_url": "",
        "last_updated": "2026-05-15"
      },
      "geometry": {
        "type": "Polygon",
        "coordinates": [
          [
            [
              -107.9036804,
              37.9591321
            ],
            [
              -107.9035553,
              37.9591321
            ],
            [
              -107.9035553,
              37.9590085
            ],
            [
              -107.9036804,
              37.9590085
            ],
            [
              -107.9036804,
              37.9591321
            ]
          ]
        ]
      }
    },
    {
      "type": "Feature",
      "properties": {
        "id": "aldasoro-pud-duplex-125-massing",
        "project_id": "aldasoro-pud",
        "name": "Diamond Ridge \u2014 Duplex 125/125 (~36\u00d745 ft)",
        "status": "Proposed",
        "project_type": "Housing / Land Use",
        "height_ft": 30,
        "height_m": 9.14,
        "base_m": 0,
        "floors": 2,
        "sqft": 3240,
        "hotel_rooms": null,
        "housing_units": 2,
        "source_confidence": "Estimated",
        "source_note": "Conceptual layout \u2014 125 duplex buildings \u00d7 2 units = 250 dwellings on ~17 acres. Anchored at east-center of site (entrance on Last Dollar Rd). Drawn from 'Diamond Ridge - Sizing of homes.svg' at 1 SVG unit = 1 foot. Heights tier 2-story residential at 30 ft.",
        "deep_dive_url": "",
        "primary_source_url": "",
        "last_updated": "2026-05-15"
      },
      "geometry": {
        "type": "Polygon",
        "coordinates": [
          [
            [
              -107.9036804,
              37.9587531
            ],
            [
              -107.9035553,
              37.9587531
            ],
            [
              -107.9035553,
              37.9586295
            ],
            [
              -107.9036804,
              37.9586295
            ],
            [
              -107.9036804,
              37.9587531
            ]
          ]
        ]
      }
    },
    {
      "type": "Feature",
      "properties": {
        "id": "canyonlands-tower-house-tower-massing",
        "project_id": "canyonlands-tower-house",
        "name": "Canyonlands \u2014 Tower House tower element (~7\u00d77m, 4 floors)",
        "status": "Approved",
        "project_type": "Housing / Land Use",
        "height_ft": 45,
        "height_m": 13.72,
        "base_m": 0,
        "floors": 4,
        "sqft": 2110,
        "hotel_rooms": null,
        "housing_units": null,
        "source_confidence": "Estimated",
        "source_note": "Tower element rising above the Tower House main body, per architectural elevation. Approximate ~7\u00d77m footprint offset 8m east of the main building center (town/Telluride is to the east; tower faces town), height 45ft (4 floors); silhouette in 3D should read as a stepped massing distinct from the 36ft main body.",
        "deep_dive_url": "https://livabletelluride.org/from-36-million-to-103-million-how-telluride-became-richer-than-a-lottery-winner/",
        "primary_source_url": "",
        "last_updated": "2026-05-15"
      },
      "geometry": {
        "type": "Polygon",
        "coordinates": [
          [
            [
              -107.818768,
              37.9393
            ],
            [
              -107.818688,
              37.9393
            ],
            [
              -107.818688,
              37.939364
            ],
            [
              -107.818768,
              37.939364
            ],
            [
              -107.818768,
              37.9393
            ]
          ]
        ]
      }
    },
    {
      "type": "Feature",
      "properties": {
        "id": "canyonlands-tower-house-bldg-1-massing",
        "project_id": "canyonlands-tower-house",
        "name": "Canyonlands \u2014 Building 1 (Tower House main body) (~24\u00d724m)",
        "status": "Approved",
        "project_type": "Housing / Land Use",
        "height_ft": 36,
        "height_m": 10.97,
        "base_m": 0,
        "floors": 3,
        "sqft": 26203,
        "hotel_rooms": null,
        "housing_units": null,
        "source_confidence": "Estimated",
        "source_note": "Traced from CanyondLands.svg via svgpathtools. 1 SVG unit = 0.0847m (plat at 1\"=10', scale .5 \u2014 different from Society Turn which used 1\"=60'). Footprint 24\u00d724m \u00d7 4 floors at 45 ft. Main body lowered from 45ft \u2192 36ft (eaves height); tower element added as a separate feature below.",
        "deep_dive_url": "https://livabletelluride.org/from-36-million-to-103-million-how-telluride-became-richer-than-a-lottery-winner/",
        "primary_source_url": "",
        "last_updated": "2026-05-15"
      },
      "geometry": {
        "type": "Polygon",
        "coordinates": [
          [
            [
              -107.818827,
              37.939439
            ],
            [
              -107.818829,
              37.939435
            ],
            [
              -107.818832,
              37.93943
            ],
            [
              -107.818836,
              37.939422
            ],
            [
              -107.818841,
              37.939414
            ],
            [
              -107.818847,
              37.939404
            ],
            [
              -107.818853,
              37.939394
            ],
            [
              -107.818859,
              37.939385
            ],
            [
              -107.818864,
              37.939377
            ],
            [
              -107.818868,
              37.93937
            ],
            [
              -107.818871,
              37.939366
            ],
            [
              -107.818872,
              37.939364
            ],
            [
              -107.818872,
              37.939364
            ],
            [
              -107.818861,
              37.939359
            ],
            [
              -107.818861,
              37.939359
            ],
            [
              -107.818881,
              37.939331
            ],
            [
              -107.818881,
              37.939331
            ],
            [
              -107.818889,
              37.939336
            ],
            [
              -107.818889,
              37.939336
            ],
            [
              -107.818932,
              37.939268
            ],
            [
              -107.818932,
              37.939268
            ],
            [
              -107.818881,
              37.939248
            ],
            [
              -107.818881,
              37.939248
            ],
            [
              -107.818871,
              37.939265
            ],
            [
              -107.818871,
              37.939265
            ],
            [
              -107.818848,
              37.939256
            ],
            [
              -107.818848,
              37.939256
            ],
            [
              -107.818843,
              37.939262
            ],
            [
              -107.818843,
              37.939262
            ],
            [
              -107.818817,
              37.93925
            ],
            [
              -107.818817,
              37.93925
            ],
            [
              -107.818822,
              37.939246
            ],
            [
              -107.818822,
              37.939246
            ],
            [
              -107.818756,
              37.939219
            ],
            [
              -107.818756,
              37.939219
            ],
            [
              -107.81875,
              37.939229
            ],
            [
              -107.81875,
              37.939229
            ],
            [
              -107.818723,
              37.939219
            ],
            [
              -107.818723,
              37.939219
            ],
            [
              -107.818647,
              37.939339
            ],
            [
              -107.818647,
              37.939339
            ],
            [
              -107.818716,
              37.939365
            ],
            [
              -107.818716,
              37.939365
            ],
            [
              -107.818712,
              37.939375
            ],
            [
              -107.818712,
              37.939375
            ],
            [
              -107.818787,
              37.939405
            ],
            [
              -107.818787,
              37.939405
            ],
            [
              -107.818777,
              37.939418
            ],
            [
              -107.818777,
              37.939418
            ],
            [
              -107.818827,
              37.939439
            ],
            [
              -107.818827,
              37.939439
            ],
            [
              -107.818827,
              37.939439
            ]
          ]
        ]
      }
    },
    {
      "type": "Feature",
      "properties": {
        "id": "canyonlands-tower-house-bldg-2-massing",
        "project_id": "canyonlands-tower-house",
        "name": "Canyonlands \u2014 Building 2 (Canyonlands) (~13\u00d722m)",
        "status": "Approved",
        "project_type": "Housing / Land Use",
        "height_ft": 36,
        "height_m": 10.97,
        "base_m": 0,
        "floors": 3,
        "sqft": 13439,
        "hotel_rooms": null,
        "housing_units": null,
        "source_confidence": "Estimated",
        "source_note": "Traced from CanyondLands.svg via svgpathtools. 1 SVG unit = 0.0847m (plat at 1\"=10', scale .5 \u2014 different from Society Turn which used 1\"=60'). Footprint 13\u00d722m \u00d7 4 floors at 45 ft. Lowered from 45ft \u2192 36ft (3-story eaves height; the gables in the elevation reach ~40ft but Mapbox fill-extrusion only does flat tops).",
        "deep_dive_url": "https://livabletelluride.org/from-36-million-to-103-million-how-telluride-became-richer-than-a-lottery-winner/",
        "primary_source_url": "",
        "last_updated": "2026-05-15"
      },
      "geometry": {
        "type": "Polygon",
        "coordinates": [
          [
            [
              -107.818614,
              37.939281
            ],
            [
              -107.818615,
              37.93928
            ],
            [
              -107.818617,
              37.939276
            ],
            [
              -107.81862,
              37.939272
            ],
            [
              -107.818623,
              37.939267
            ],
            [
              -107.818627,
              37.939261
            ],
            [
              -107.818631,
              37.939254
            ],
            [
              -107.818635,
              37.939249
            ],
            [
              -107.818638,
              37.939243
            ],
            [
              -107.818641,
              37.939239
            ],
            [
              -107.818643,
              37.939236
            ],
            [
              -107.818643,
              37.939235
            ],
            [
              -107.818643,
              37.939235
            ],
            [
              -107.818642,
              37.939235
            ],
            [
              -107.818641,
              37.939235
            ],
            [
              -107.818639,
              37.939234
            ],
            [
              -107.818638,
              37.939234
            ],
            [
              -107.818636,
              37.939233
            ],
            [
              -107.818634,
              37.939232
            ],
            [
              -107.818632,
              37.939231
            ],
            [
              -107.818631,
              37.939231
            ],
            [
              -107.81863,
              37.93923
            ],
            [
              -107.818629,
              37.93923
            ],
            [
              -107.818628,
              37.93923
            ],
            [
              -107.818628,
              37.93923
            ],
            [
              -107.818699,
              37.939119
            ],
            [
              -107.818699,
              37.939119
            ],
            [
              -107.818635,
              37.939095
            ],
            [
              -107.818635,
              37.939095
            ],
            [
              -107.818543,
              37.939244
            ],
            [
              -107.818543,
              37.939244
            ],
            [
              -107.818561,
              37.93925
            ],
            [
              -107.818561,
              37.93925
            ],
            [
              -107.818549,
              37.939268
            ],
            [
              -107.818549,
              37.939268
            ],
            [
              -107.818574,
              37.939279
            ],
            [
              -107.818574,
              37.939279
            ],
            [
              -107.818571,
              37.939289
            ],
            [
              -107.818571,
              37.939289
            ],
            [
              -107.818601,
              37.9393
            ],
            [
              -107.818601,
              37.9393
            ],
            [
              -107.818614,
              37.939281
            ],
            [
              -107.818614,
              37.939281
            ],
            [
              -107.818614,
              37.939281
            ]
          ]
        ]
      }
    },
    {
      "type": "Feature",
      "properties": {
        "id": "society-turn-bldg-1-massing",
        "project_id": "society-turn-pud",
        "name": "Society Turn \u2014 Building 1 (~63\u00d774m)",
        "status": "Under Review",
        "project_type": "Medical / Commercial / Hotel",
        "height_ft": 72,
        "height_m": 21.95,
        "base_m": 0,
        "floors": 6,
        "sqft": 307059,
        "hotel_rooms": null,
        "housing_units": null,
        "source_confidence": "Estimated",
        "source_note": "Traced from Society Turn.svg using svgpathtools parser (proper Bezier curve sampling, 12 pts per segment). 1 SVG unit = 0.508m. Rotated +3\u00b0 around roundabout. Footprint 63\u00d774m \u00d7 6 floors.",
        "deep_dive_url": "https://livabletelluride.org/societyturnpud/",
        "primary_source_url": "",
        "last_updated": "2026-05-15"
      },
      "geometry": {
        "type": "Polygon",
        "coordinates": [
          [
            [
              -107.877834,
              37.949536
            ],
            [
              -107.877624,
              37.94905
            ],
            [
              -107.877624,
              37.94905
            ],
            [
              -107.877505,
              37.949077
            ],
            [
              -107.877505,
              37.949077
            ],
            [
              -107.877477,
              37.949006
            ],
            [
              -107.877477,
              37.949006
            ],
            [
              -107.877077,
              37.949122
            ],
            [
              -107.877077,
              37.949122
            ],
            [
              -107.87731,
              37.949684
            ],
            [
              -107.87731,
              37.949684
            ],
            [
              -107.877834,
              37.949536
            ]
          ]
        ]
      }
    },
    {
      "type": "Feature",
      "properties": {
        "id": "society-turn-bldg-2-massing",
        "project_id": "society-turn-pud",
        "name": "Society Turn \u2014 Building 2 (~112\u00d755m)",
        "status": "Under Review",
        "project_type": "Medical / Commercial / Hotel",
        "height_ft": 72,
        "height_m": 21.95,
        "base_m": 0,
        "floors": 6,
        "sqft": 402515,
        "hotel_rooms": null,
        "housing_units": null,
        "source_confidence": "Estimated",
        "source_note": "Traced from Society Turn.svg using svgpathtools parser (proper Bezier curve sampling, 12 pts per segment). 1 SVG unit = 0.508m. Rotated +3\u00b0 around roundabout. Footprint 112\u00d755m \u00d7 6 floors.",
        "deep_dive_url": "https://livabletelluride.org/societyturnpud/",
        "primary_source_url": "",
        "last_updated": "2026-05-15"
      },
      "geometry": {
        "type": "Polygon",
        "coordinates": [
          [
            [
              -107.876491,
              37.949718
            ],
            [
              -107.876489,
              37.949712
            ],
            [
              -107.876484,
              37.949696
            ],
            [
              -107.876476,
              37.949671
            ],
            [
              -107.876466,
              37.949641
            ],
            [
              -107.876454,
              37.949606
            ],
            [
              -107.876442,
              37.94957
            ],
            [
              -107.876429,
              37.949535
            ],
            [
              -107.876416,
              37.949503
            ],
            [
              -107.876405,
              37.949476
            ],
            [
              -107.876395,
              37.949456
            ],
            [
              -107.876387,
              37.949446
            ],
            [
              -107.876387,
              37.949446
            ],
            [
              -107.876379,
              37.94944
            ],
            [
              -107.876369,
              37.949432
            ],
            [
              -107.876356,
              37.949422
            ],
            [
              -107.876343,
              37.949411
            ],
            [
              -107.87633,
              37.9494
            ],
            [
              -107.876317,
              37.949388
            ],
            [
              -107.876304,
              37.949378
            ],
            [
              -107.876294,
              37.949369
            ],
            [
              -107.876285,
              37.949362
            ],
            [
              -107.87628,
              37.949357
            ],
            [
              -107.876278,
              37.949355
            ],
            [
              -107.876278,
              37.949355
            ],
            [
              -107.876024,
              37.949434
            ],
            [
              -107.876024,
              37.949434
            ],
            [
              -107.875989,
              37.949499
            ],
            [
              -107.875989,
              37.949499
            ],
            [
              -107.875972,
              37.949502
            ],
            [
              -107.875925,
              37.949512
            ],
            [
              -107.875855,
              37.949526
            ],
            [
              -107.875768,
              37.949545
            ],
            [
              -107.875669,
              37.949565
            ],
            [
              -107.875567,
              37.949586
            ],
            [
              -107.875465,
              37.949606
            ],
            [
              -107.875372,
              37.949624
            ],
            [
              -107.875292,
              37.949639
            ],
            [
              -107.875233,
              37.94965
            ],
            [
              -107.875201,
              37.949654
            ],
            [
              -107.875201,
              37.949654
            ],
            [
              -107.875251,
              37.949897
            ],
            [
              -107.875251,
              37.949897
            ],
            [
              -107.876179,
              37.949772
            ],
            [
              -107.876179,
              37.949772
            ],
            [
              -107.876136,
              37.949642
            ],
            [
              -107.876136,
              37.949642
            ],
            [
              -107.876261,
              37.949623
            ],
            [
              -107.876261,
              37.949623
            ],
            [
              -107.876299,
              37.949772
            ],
            [
              -107.876299,
              37.949772
            ],
            [
              -107.876491,
              37.949718
            ],
            [
              -107.876491,
              37.949718
            ],
            [
              -107.876491,
              37.949718
            ],
            [
              -107.876491,
              37.949718
            ],
            [
              -107.876491,
              37.949718
            ]
          ]
        ]
      }
    },
    {
      "type": "Feature",
      "properties": {
        "id": "society-turn-bldg-3-massing",
        "project_id": "society-turn-pud",
        "name": "Society Turn \u2014 Building 3 (~106\u00d739m)",
        "status": "Under Review",
        "project_type": "Medical / Commercial / Hotel",
        "height_ft": 72,
        "height_m": 21.95,
        "base_m": 0,
        "floors": 6,
        "sqft": 268883,
        "hotel_rooms": null,
        "housing_units": null,
        "source_confidence": "Estimated",
        "source_note": "Traced from Society Turn.svg using svgpathtools parser (proper Bezier curve sampling, 12 pts per segment). 1 SVG unit = 0.508m. Rotated +3\u00b0 around roundabout. Footprint 106\u00d739m \u00d7 6 floors.",
        "deep_dive_url": "https://livabletelluride.org/societyturnpud/",
        "primary_source_url": "",
        "last_updated": "2026-05-15"
      },
      "geometry": {
        "type": "Polygon",
        "coordinates": [
          [
            [
              -107.876302,
              37.9492
            ],
            [
              -107.876291,
              37.949037
            ],
            [
              -107.876291,
              37.949037
            ],
            [
              -107.875085,
              37.949128
            ],
            [
              -107.875085,
              37.949128
            ],
            [
              -107.875086,
              37.949135
            ],
            [
              -107.875087,
              37.949155
            ],
            [
              -107.875089,
              37.949185
            ],
            [
              -107.875093,
              37.949221
            ],
            [
              -107.875098,
              37.949262
            ],
            [
              -107.875104,
              37.949305
            ],
            [
              -107.875112,
              37.949345
            ],
            [
              -107.875122,
              37.949382
            ],
            [
              -107.875134,
              37.949411
            ],
            [
              -107.875147,
              37.949431
            ],
            [
              -107.875163,
              37.949437
            ],
            [
              -107.875163,
              37.949437
            ],
            [
              -107.875195,
              37.949433
            ],
            [
              -107.875252,
              37.949422
            ],
            [
              -107.875328,
              37.949405
            ],
            [
              -107.875417,
              37.949385
            ],
            [
              -107.875514,
              37.949362
            ],
            [
              -107.875612,
              37.949339
            ],
            [
              -107.875705,
              37.949317
            ],
            [
              -107.875789,
              37.949297
            ],
            [
              -107.875855,
              37.94928
            ],
            [
              -107.8759,
              37.94927
            ],
            [
              -107.875916,
              37.949266
            ],
            [
              -107.875916,
              37.949266
            ],
            [
              -107.875948,
              37.949319
            ],
            [
              -107.875948,
              37.949319
            ],
            [
              -107.876302,
              37.9492
            ],
            [
              -107.876302,
              37.9492
            ],
            [
              -107.876302,
              37.9492
            ]
          ]
        ]
      }
    },
    {
      "type": "Feature",
      "properties": {
        "id": "society-turn-bldg-4-massing",
        "project_id": "society-turn-pud",
        "name": "Society Turn \u2014 Building 4 (~104\u00d727m)",
        "status": "Under Review",
        "project_type": "Medical / Commercial / Hotel",
        "height_ft": 72,
        "height_m": 21.95,
        "base_m": 0,
        "floors": 6,
        "sqft": 182637,
        "hotel_rooms": null,
        "housing_units": null,
        "source_confidence": "Estimated",
        "source_note": "Traced from Society Turn.svg using svgpathtools parser (proper Bezier curve sampling, 12 pts per segment). 1 SVG unit = 0.508m. Rotated +3\u00b0 around roundabout. Footprint 104\u00d727m \u00d7 6 floors.",
        "deep_dive_url": "https://livabletelluride.org/societyturnpud/",
        "primary_source_url": "",
        "last_updated": "2026-05-15"
      },
      "geometry": {
        "type": "Polygon",
        "coordinates": [
          [
            [
              -107.874959,
              37.949909
            ],
            [
              -107.874911,
              37.949697
            ],
            [
              -107.874911,
              37.949697
            ],
            [
              -107.873769,
              37.949881
            ],
            [
              -107.873769,
              37.949881
            ],
            [
              -107.873776,
              37.94999
            ],
            [
              -107.873776,
              37.94999
            ],
            [
              -107.874959,
              37.949909
            ]
          ]
        ]
      }
    },
    {
      "type": "Feature",
      "properties": {
        "id": "society-turn-bldg-5-massing",
        "project_id": "society-turn-pud",
        "name": "Society Turn \u2014 Building 5 (~45\u00d730m)",
        "status": "Under Review",
        "project_type": "Medical / Commercial / Hotel",
        "height_ft": 50,
        "height_m": 15.24,
        "base_m": 0,
        "floors": 4,
        "sqft": 59786,
        "hotel_rooms": null,
        "housing_units": null,
        "source_confidence": "Estimated",
        "source_note": "Traced from Society Turn.svg using svgpathtools parser (proper Bezier curve sampling, 12 pts per segment). 1 SVG unit = 0.508m. Rotated +3\u00b0 around roundabout. Footprint 45\u00d730m \u00d7 4 floors.",
        "deep_dive_url": "https://livabletelluride.org/societyturnpud/",
        "primary_source_url": "",
        "last_updated": "2026-05-15"
      },
      "geometry": {
        "type": "Polygon",
        "coordinates": [
          [
            [
              -107.87366,
              37.949713
            ],
            [
              -107.873614,
              37.949533
            ],
            [
              -107.873614,
              37.949533
            ],
            [
              -107.873287,
              37.949452
            ],
            [
              -107.873287,
              37.949452
            ],
            [
              -107.87319,
              37.949456
            ],
            [
              -107.87319,
              37.949456
            ],
            [
              -107.873138,
              37.94963
            ],
            [
              -107.873138,
              37.94963
            ],
            [
              -107.873494,
              37.94972
            ],
            [
              -107.873494,
              37.94972
            ],
            [
              -107.87366,
              37.949713
            ]
          ]
        ]
      }
    },
    {
      "type": "Feature",
      "properties": {
        "id": "society-turn-bldg-6-massing",
        "project_id": "society-turn-pud",
        "name": "Society Turn \u2014 Building 6 (~110\u00d745m)",
        "status": "Under Review",
        "project_type": "Medical / Commercial / Hotel",
        "height_ft": 72,
        "height_m": 21.95,
        "base_m": 0,
        "floors": 6,
        "sqft": 323744,
        "hotel_rooms": null,
        "housing_units": null,
        "source_confidence": "Estimated",
        "source_note": "Traced from Society Turn.svg using svgpathtools parser (proper Bezier curve sampling, 12 pts per segment). 1 SVG unit = 0.508m. Rotated +3\u00b0 around roundabout. Footprint 110\u00d745m \u00d7 6 floors.",
        "deep_dive_url": "https://livabletelluride.org/societyturnpud/",
        "primary_source_url": "",
        "last_updated": "2026-05-15"
      },
      "geometry": {
        "type": "Polygon",
        "coordinates": [
          [
            [
              -107.873679,
              37.949994
            ],
            [
              -107.873672,
              37.94989
            ],
            [
              -107.873672,
              37.94989
            ],
            [
              -107.87367,
              37.94989
            ],
            [
              -107.873662,
              37.949893
            ],
            [
              -107.873649,
              37.949896
            ],
            [
              -107.873629,
              37.949899
            ],
            [
              -107.873602,
              37.949901
            ],
            [
              -107.873567,
              37.949902
            ],
            [
              -107.873523,
              37.9499
            ],
            [
              -107.873469,
              37.949895
            ],
            [
              -107.873405,
              37.949886
            ],
            [
              -107.873331,
              37.949872
            ],
            [
              -107.873245,
              37.949853
            ],
            [
              -107.873245,
              37.949853
            ],
            [
              -107.872906,
              37.949771
            ],
            [
              -107.872906,
              37.949771
            ],
            [
              -107.872902,
              37.949713
            ],
            [
              -107.872902,
              37.949713
            ],
            [
              -107.8726,
              37.949653
            ],
            [
              -107.8726,
              37.949653
            ],
            [
              -107.872596,
              37.949653
            ],
            [
              -107.872585,
              37.949654
            ],
            [
              -107.872569,
              37.949657
            ],
            [
              -107.87255,
              37.949662
            ],
            [
              -107.872528,
              37.94967
            ],
            [
              -107.872505,
              37.949682
            ],
            [
              -107.872483,
              37.949699
            ],
            [
              -107.872464,
              37.949721
            ],
            [
              -107.872448,
              37.949749
            ],
            [
              -107.872437,
              37.949784
            ],
            [
              -107.872433,
              37.949827
            ],
            [
              -107.872433,
              37.949827
            ],
            [
              -107.872433,
              37.949871
            ],
            [
              -107.872431,
              37.949909
            ],
            [
              -107.872429,
              37.949942
            ],
            [
              -107.872426,
              37.949969
            ],
            [
              -107.872424,
              37.949992
            ],
            [
              -107.872423,
              37.950011
            ],
            [
              -107.872423,
              37.950026
            ],
            [
              -107.872426,
              37.950039
            ],
            [
              -107.87243,
              37.950049
            ],
            [
              -107.872438,
              37.950056
            ],
            [
              -107.872449,
              37.950063
            ],
            [
              -107.872449,
              37.950063
            ],
            [
              -107.872488,
              37.950066
            ],
            [
              -107.872574,
              37.950064
            ],
            [
              -107.872694,
              37.950059
            ],
            [
              -107.87284,
              37.950051
            ],
            [
              -107.873,
              37.950041
            ],
            [
              -107.873164,
              37.95003
            ],
            [
              -107.873321,
              37.95002
            ],
            [
              -107.873462,
              37.95001
            ],
            [
              -107.873576,
              37.950001
            ],
            [
              -107.873651,
              37.949996
            ],
            [
              -107.873679,
              37.949994
            ],
            [
              -107.873679,
              37.949994
            ],
            [
              -107.873679,
              37.949994
            ],
            [
              -107.873679,
              37.949994
            ],
            [
              -107.873679,
              37.949994
            ]
          ]
        ]
      }
    },
    {
      "type": "Feature",
      "properties": {
        "id": "society-turn-bldg-7-massing",
        "project_id": "society-turn-pud",
        "name": "Society Turn \u2014 Building 7 (~52\u00d754m)",
        "status": "Under Review",
        "project_type": "Medical / Commercial / Hotel",
        "height_ft": 72,
        "height_m": 21.95,
        "base_m": 0,
        "floors": 6,
        "sqft": 184426,
        "hotel_rooms": null,
        "housing_units": null,
        "source_confidence": "Estimated",
        "source_note": "Traced from Society Turn.svg using svgpathtools parser (proper Bezier curve sampling, 12 pts per segment). 1 SVG unit = 0.508m. Rotated +3\u00b0 around roundabout. Footprint 52\u00d754m \u00d7 6 floors.",
        "deep_dive_url": "https://livabletelluride.org/societyturnpud/",
        "primary_source_url": "",
        "last_updated": "2026-05-15"
      },
      "geometry": {
        "type": "Polygon",
        "coordinates": [
          [
            [
              -107.872282,
              37.950051
            ],
            [
              -107.872282,
              37.950039
            ],
            [
              -107.87228,
              37.950017
            ],
            [
              -107.872278,
              37.949986
            ],
            [
              -107.872277,
              37.949948
            ],
            [
              -107.872276,
              37.949905
            ],
            [
              -107.872278,
              37.949858
            ],
            [
              -107.872284,
              37.94981
            ],
            [
              -107.872293,
              37.949761
            ],
            [
              -107.872308,
              37.949714
            ],
            [
              -107.872329,
              37.94967
            ],
            [
              -107.872357,
              37.949631
            ],
            [
              -107.872357,
              37.949631
            ],
            [
              -107.872303,
              37.949588
            ],
            [
              -107.872303,
              37.949588
            ],
            [
              -107.871871,
              37.94966
            ],
            [
              -107.871871,
              37.94966
            ],
            [
              -107.871793,
              37.949609
            ],
            [
              -107.871793,
              37.949609
            ],
            [
              -107.871758,
              37.949687
            ],
            [
              -107.871758,
              37.949687
            ],
            [
              -107.871836,
              37.949993
            ],
            [
              -107.871836,
              37.949993
            ],
            [
              -107.872186,
              37.95008
            ],
            [
              -107.872186,
              37.95008
            ],
            [
              -107.872282,
              37.950052
            ],
            [
              -107.872282,
              37.950052
            ],
            [
              -107.872282,
              37.950052
            ],
            [
              -107.872282,
              37.950052
            ],
            [
              -107.872282,
              37.950051
            ]
          ]
        ]
      }
    },
    {
      "type": "Feature",
      "properties": {
        "id": "chair-7-massing",
        "project_id": "chair-7-open-space",
        "name": "Chair 7 Redevelopment Area",
        "status": "Proposed",
        "project_type": "Open Space / Hotel / Land Use",
        "height_ft": 60,
        "height_m": 18.29,
        "base_m": 0,
        "floors": 5,
        "sqft": 120000,
        "hotel_rooms": 80,
        "housing_units": null,
        "source_confidence": "Unknown",
        "source_note": "Placeholder massing only. Chair 7 redevelopment concept has been discussed publicly but no formal application or site plan has been filed. 50m \u00d7 45m footprint \u00d7 5 floors is a speculative scale based on rumored 80-room hotel.",
        "deep_dive_url": "https://livabletelluride.org/the-chair-7-development-controversy/",
        "primary_source_url": "",
        "last_updated": "2026-05-15"
      },
      "geometry": {
        "type": "Polygon",
        "coordinates": [
          [
            [
              -107.862285,
              37.927797
            ],
            [
              -107.861715,
              37.927797
            ],
            [
              -107.861715,
              37.928203
            ],
            [
              -107.862285,
              37.928203
            ],
            [
              -107.862285,
              37.927797
            ]
          ]
        ]
      }
    },
    {
      "type": "Feature",
      "properties": {
        "id": "shandoka-lot-l-bldg-a-massing",
        "project_id": "shandoka-lot-l",
        "name": "Shandoka Lot L \u2014 Building A (NW commercial/transit wing)",
        "status": "Under Review",
        "project_type": "Mixed-Use",
        "height_ft": 35,
        "height_m": 10.67,
        "base_m": 0,
        "floors": 3,
        "sqft": 9000,
        "hotel_rooms": null,
        "housing_units": null,
        "source_confidence": "Estimated",
        "source_note": "NW small wing. Likely commercial/transit/childcare wing per Exhibit D site plan. Traced from Design Workshop site plan SVG; plat ~1\"=20', image scale 0.49 \u2192 0.173 m/SVG-unit. Anchored at driveway entrance (37.938233\u00b0, -107.821737\u00b0).",
        "deep_dive_url": "https://livabletelluride.org/empowering-telluride-the-future-of-lot-l-development/",
        "primary_source_url": "https://engagetelluride.org/",
        "last_updated": "2026-05-15"
      },
      "geometry": {
        "type": "Polygon",
        "coordinates": [
          [
            [
              -107.8232695,
              37.9380132
            ],
            [
              -107.8231832,
              37.9381938
            ],
            [
              -107.823404,
              37.93826
            ],
            [
              -107.8234702,
              37.9381216
            ],
            [
              -107.8233512,
              37.938086
            ],
            [
              -107.8233595,
              37.9380687
            ],
            [
              -107.8233491,
              37.9380645
            ],
            [
              -107.8233605,
              37.9380405
            ],
            [
              -107.8232695,
              37.9380132
            ]
          ]
        ]
      }
    },
    {
      "type": "Feature",
      "properties": {
        "id": "shandoka-lot-l-bldg-b-massing",
        "project_id": "shandoka-lot-l",
        "name": "Shandoka Lot L \u2014 Building B (N mid residential wing)",
        "status": "Under Review",
        "project_type": "Housing",
        "height_ft": 40,
        "height_m": 12.19,
        "base_m": 0,
        "floors": 4,
        "sqft": 13500,
        "hotel_rooms": null,
        "housing_units": 14,
        "source_confidence": "Estimated",
        "source_note": "N mid wing. Residential building, 4 stories per PUD baseline. Traced from Design Workshop site plan SVG; plat ~1\"=20', image scale 0.49 \u2192 0.173 m/SVG-unit. Anchored at driveway entrance (37.938233\u00b0, -107.821737\u00b0).",
        "deep_dive_url": "https://livabletelluride.org/empowering-telluride-the-future-of-lot-l-development/",
        "primary_source_url": "https://engagetelluride.org/",
        "last_updated": "2026-05-15"
      },
      "geometry": {
        "type": "Polygon",
        "coordinates": [
          [
            [
              -107.8233089,
              37.9384589
            ],
            [
              -107.8233121,
              37.9384523
            ],
            [
              -107.8233153,
              37.9384456
            ],
            [
              -107.8233185,
              37.938439
            ],
            [
              -107.8233217,
              37.9384323
            ],
            [
              -107.8233249,
              37.9384256
            ],
            [
              -107.823328,
              37.938419
            ],
            [
              -107.8233312,
              37.9384123
            ],
            [
              -107.8233344,
              37.9384057
            ],
            [
              -107.8233376,
              37.938399
            ],
            [
              -107.8233408,
              37.9383924
            ],
            [
              -107.8233439,
              37.9383857
            ],
            [
              -107.8233471,
              37.938379
            ],
            [
              -107.8233503,
              37.9383724
            ],
            [
              -107.8233535,
              37.9383657
            ],
            [
              -107.8233535,
              37.9383657
            ],
            [
              -107.8233374,
              37.9383609
            ],
            [
              -107.8233213,
              37.9383561
            ],
            [
              -107.8233051,
              37.9383512
            ],
            [
              -107.823289,
              37.9383464
            ],
            [
              -107.8232729,
              37.9383416
            ],
            [
              -107.8232568,
              37.9383367
            ],
            [
              -107.8232407,
              37.9383319
            ],
            [
              -107.8232245,
              37.9383271
            ],
            [
              -107.8232084,
              37.9383222
            ],
            [
              -107.8231923,
              37.9383174
            ],
            [
              -107.8231762,
              37.9383126
            ],
            [
              -107.8231601,
              37.9383077
            ],
            [
              -107.8231439,
              37.9383029
            ],
            [
              -107.8231278,
              37.9382981
            ],
            [
              -107.8231278,
              37.9382981
            ],
            [
              -107.8231189,
              37.9383167
            ],
            [
              -107.82311,
              37.9383353
            ],
            [
              -107.8231012,
              37.9383539
            ],
            [
              -107.8230923,
              37.9383725
            ],
            [
              -107.8230834,
              37.9383911
            ],
            [
              -107.8230745,
              37.9384097
            ],
            [
              -107.8230656,
              37.9384283
            ],
            [
              -107.8230567,
              37.9384469
            ],
            [
              -107.8230478,
              37.9384655
            ],
            [
              -107.8230389,
              37.9384841
            ],
            [
              -107.82303,
              37.9385027
            ],
            [
              -107.8230211,
              37.9385213
            ],
            [
              -107.8230123,
              37.9385399
            ],
            [
              -107.8230034,
              37.9385585
            ],
            [
              -107.8230034,
              37.9385585
            ],
            [
              -107.8230093,
              37.9385603
            ],
            [
              -107.8230153,
              37.9385621
            ],
            [
              -107.8230213,
              37.9385639
            ],
            [
              -107.8230273,
              37.9385656
            ],
            [
              -107.8230333,
              37.9385674
            ],
            [
              -107.8230392,
              37.9385692
            ],
            [
              -107.8230452,
              37.938571
            ],
            [
              -107.8230512,
              37.9385728
            ],
            [
              -107.8230572,
              37.9385746
            ],
            [
              -107.8230632,
              37.9385764
            ],
            [
              -107.8230691,
              37.9385782
            ],
            [
              -107.8230751,
              37.93858
            ],
            [
              -107.8230811,
              37.9385818
            ],
            [
              -107.8230871,
              37.9385836
            ],
            [
              -107.8230871,
              37.9385836
            ],
            [
              -107.8230875,
              37.9385827
            ],
            [
              -107.8230879,
              37.9385818
            ],
            [
              -107.8230884,
              37.9385809
            ],
            [
              -107.8230888,
              37.93858
            ],
            [
              -107.8230892,
              37.9385791
            ],
            [
              -107.8230896,
              37.9385782
            ],
            [
              -107.8230901,
              37.9385773
            ],
            [
              -107.8230905,
              37.9385764
            ],
            [
              -107.8230909,
              37.9385755
            ],
            [
              -107.8230913,
              37.9385747
            ],
            [
              -107.8230918,
              37.9385738
            ],
            [
              -107.8230922,
              37.9385729
            ],
            [
              -107.8230926,
              37.938572
            ],
            [
              -107.8230931,
              37.9385711
            ],
            [
              -107.8230931,
              37.9385711
            ],
            [
              -107.8230944,
              37.9385716
            ],
            [
              -107.8230981,
              37.9385729
            ],
            [
              -107.8231038,
              37.9385749
            ],
            [
              -107.8231112,
              37.9385775
            ],
            [
              -107.8231197,
              37.9385804
            ],
            [
              -107.8231291,
              37.9385836
            ],
            [
              -107.8231389,
              37.9385869
            ],
            [
              -107.8231487,
              37.9385901
            ],
            [
              -107.8231582,
              37.9385931
            ],
            [
              -107.823167,
              37.9385956
            ],
            [
              -107.8231745,
              37.9385977
            ],
            [
              -107.8231806,
              37.9385991
            ],
            [
              -107.8231847,
              37.9385996
            ],
            [
              -107.8231865,
              37.9385991
            ],
            [
              -107.8231865,
              37.9385991
            ],
            [
              -107.8231875,
              37.9385969
            ],
            [
              -107.8231896,
              37.9385926
            ],
            [
              -107.8231925,
              37.9385865
            ],
            [
              -107.823196,
              37.9385791
            ],
            [
              -107.8232001,
              37.9385706
            ],
            [
              -107.8232044,
              37.9385615
            ],
            [
              -107.8232089,
              37.9385521
            ],
            [
              -107.8232134,
              37.9385428
            ],
            [
              -107.8232176,
              37.9385339
            ],
            [
              -107.8232215,
              37.9385258
            ],
            [
              -107.8232248,
              37.9385189
            ],
            [
              -107.8232274,
              37.9385135
            ],
            [
              -107.823229,
              37.93851
            ],
            [
              -107.8232296,
              37.9385088
            ],
            [
              -107.8232296,
              37.9385088
            ],
            [
              -107.8232316,
              37.9385093
            ],
            [
              -107.8232335,
              37.9385099
            ],
            [
              -107.8232354,
              37.9385105
            ],
            [
              -107.8232373,
              37.9385111
            ],
            [
              -107.8232392,
              37.9385116
            ],
            [
              -107.8232411,
              37.9385122
            ],
            [
              -107.823243,
              37.9385128
            ],
            [
              -107.8232449,
              37.9385133
            ],
            [
              -107.8232468,
              37.9385139
            ],
            [
              -107.8232487,
              37.9385145
            ],
            [
              -107.8232506,
              37.9385151
            ],
            [
              -107.8232525,
              37.9385156
            ],
            [
              -107.8232544,
              37.9385162
            ],
            [
              -107.8232563,
              37.9385168
            ],
            [
              -107.8232563,
              37.9385168
            ],
            [
              -107.8232586,
              37.938512
            ],
            [
              -107.8232609,
              37.9385073
            ],
            [
              -107.8232631,
              37.9385026
            ],
            [
              -107.8232654,
              37.9384978
            ],
            [
              -107.8232677,
              37.9384931
            ],
            [
              -107.8232699,
              37.9384884
            ],
            [
              -107.8232722,
              37.9384836
            ],
            [
              -107.8232744,
              37.9384789
            ],
            [
              -107.8232767,
              37.9384742
            ],
            [
              -107.823279,
              37.9384694
            ],
            [
              -107.8232812,
              37.9384647
            ],
            [
              -107.8232835,
              37.9384599
            ],
            [
              -107.8232858,
              37.9384552
            ],
            [
              -107.823288,
              37.9384505
            ],
            [
              -107.823288,
              37.9384505
            ],
            [
              -107.8232895,
              37.9384511
            ],
            [
              -107.823291,
              37.9384517
            ],
            [
              -107.8232925,
              37.9384523
            ],
            [
              -107.823294,
              37.9384529
            ],
            [
              -107.8232955,
              37.9384535
            ],
            [
              -107.823297,
              37.9384541
            ],
            [
              -107.8232985,
              37.9384547
            ],
            [
              -107.8233,
              37.9384553
            ],
            [
              -107.8233015,
              37.9384559
            ],
            [
              -107.823303,
              37.9384565
            ],
            [
              -107.8233045,
              37.9384571
            ],
            [
              -107.8233059,
              37.9384577
            ],
            [
              -107.8233074,
              37.9384583
            ],
            [
              -107.8233089,
              37.9384589
            ]
          ]
        ]
      }
    },
    {
      "type": "Feature",
      "properties": {
        "id": "shandoka-lot-l-bldg-c-massing",
        "project_id": "shandoka-lot-l",
        "name": "Shandoka Lot L \u2014 Building C (N long residential wing)",
        "status": "Under Review",
        "project_type": "Housing",
        "height_ft": 40,
        "height_m": 12.19,
        "base_m": 0,
        "floors": 4,
        "sqft": 24000,
        "hotel_rooms": null,
        "housing_units": 28,
        "source_confidence": "Estimated",
        "source_note": "N long wing. Largest residential block, 4 stories per PUD baseline. Traced from Design Workshop site plan SVG; plat ~1\"=20', image scale 0.49 \u2192 0.173 m/SVG-unit. Anchored at driveway entrance (37.938233\u00b0, -107.821737\u00b0).",
        "deep_dive_url": "https://livabletelluride.org/empowering-telluride-the-future-of-lot-l-development/",
        "primary_source_url": "https://engagetelluride.org/",
        "last_updated": "2026-05-15"
      },
      "geometry": {
        "type": "Polygon",
        "coordinates": [
          [
            [
              -107.8228262,
              37.9384966
            ],
            [
              -107.8228291,
              37.9384906
            ],
            [
              -107.8228319,
              37.9384847
            ],
            [
              -107.8228348,
              37.9384787
            ],
            [
              -107.8228376,
              37.9384727
            ],
            [
              -107.8228405,
              37.9384667
            ],
            [
              -107.8228433,
              37.9384608
            ],
            [
              -107.8228462,
              37.9384548
            ],
            [
              -107.8228491,
              37.9384488
            ],
            [
              -107.8228519,
              37.9384429
            ],
            [
              -107.8228548,
              37.9384369
            ],
            [
              -107.8228576,
              37.9384309
            ],
            [
              -107.8228605,
              37.9384249
            ],
            [
              -107.8228633,
              37.938419
            ],
            [
              -107.8228662,
              37.938413
            ],
            [
              -107.8228662,
              37.938413
            ],
            [
              -107.8228343,
              37.9384034
            ],
            [
              -107.8228024,
              37.9383939
            ],
            [
              -107.8227705,
              37.9383843
            ],
            [
              -107.8227386,
              37.9383748
            ],
            [
              -107.8227067,
              37.9383652
            ],
            [
              -107.8226748,
              37.9383556
            ],
            [
              -107.8226429,
              37.9383461
            ],
            [
              -107.822611,
              37.9383365
            ],
            [
              -107.8225791,
              37.9383269
            ],
            [
              -107.8225472,
              37.9383174
            ],
            [
              -107.8225154,
              37.9383078
            ],
            [
              -107.8224835,
              37.9382983
            ],
            [
              -107.8224516,
              37.9382887
            ],
            [
              -107.8224197,
              37.9382791
            ],
            [
              -107.8224197,
              37.9382791
            ],
            [
              -107.8224204,
              37.9382776
            ],
            [
              -107.8224212,
              37.938276
            ],
            [
              -107.8224219,
              37.9382744
            ],
            [
              -107.8224227,
              37.9382728
            ],
            [
              -107.8224234,
              37.9382712
            ],
            [
              -107.8224242,
              37.9382697
            ],
            [
              -107.822425,
              37.9382681
            ],
            [
              -107.8224257,
              37.9382665
            ],
            [
              -107.8224265,
              37.9382649
            ],
            [
              -107.8224272,
              37.9382634
            ],
            [
              -107.822428,
              37.9382618
            ],
            [
              -107.8224287,
              37.9382602
            ],
            [
              -107.8224295,
              37.9382586
            ],
            [
              -107.8224302,
              37.938257
            ],
            [
              -107.8224302,
              37.938257
            ],
            [
              -107.8224004,
              37.9382481
            ],
            [
              -107.8223706,
              37.9382392
            ],
            [
              -107.8223408,
              37.9382302
            ],
            [
              -107.822311,
              37.9382213
            ],
            [
              -107.8222812,
              37.9382123
            ],
            [
              -107.8222513,
              37.9382034
            ],
            [
              -107.8222215,
              37.9381945
            ],
            [
              -107.8221917,
              37.9381855
            ],
            [
              -107.8221619,
              37.9381766
            ],
            [
              -107.8221321,
              37.9381677
            ],
            [
              -107.8221023,
              37.9381587
            ],
            [
              -107.8220725,
              37.9381498
            ],
            [
              -107.8220426,
              37.9381408
            ],
            [
              -107.8220128,
              37.9381319
            ],
            [
              -107.8220128,
              37.9381319
            ],
            [
              -107.8220116,
              37.9381344
            ],
            [
              -107.8220104,
              37.938137
            ],
            [
              -107.8220092,
              37.9381395
            ],
            [
              -107.822008,
              37.9381421
            ],
            [
              -107.8220068,
              37.9381446
            ],
            [
              -107.8220055,
              37.9381471
            ],
            [
              -107.8220043,
              37.9381497
            ],
            [
              -107.8220031,
              37.9381522
            ],
            [
              -107.8220019,
              37.9381548
            ],
            [
              -107.8220007,
              37.9381573
            ],
            [
              -107.8219995,
              37.9381598
            ],
            [
              -107.8219983,
              37.9381624
            ],
            [
              -107.821997,
              37.9381649
            ],
            [
              -107.8219958,
              37.9381675
            ],
            [
              -107.8219958,
              37.9381675
            ],
            [
              -107.8219956,
              37.9381673
            ],
            [
              -107.821995,
              37.9381669
            ],
            [
              -107.8219939,
              37.9381662
            ],
            [
              -107.8219927,
              37.9381654
            ],
            [
              -107.8219911,
              37.9381644
            ],
            [
              -107.8219894,
              37.9381635
            ],
            [
              -107.8219876,
              37.9381625
            ],
            [
              -107.8219858,
              37.9381617
            ],
            [
              -107.821984,
              37.938161
            ],
            [
              -107.8219822,
              37.9381605
            ],
            [
              -107.8219806,
              37.9381603
            ],
            [
              -107.8219793,
              37.9381604
            ],
            [
              -107.8219782,
              37.9381609
            ],
            [
              -107.8219774,
              37.9381619
            ],
            [
              -107.8219774,
              37.9381619
            ],
            [
              -107.8219764,
              37.938164
            ],
            [
              -107.8219747,
              37.9381676
            ],
            [
              -107.8219723,
              37.9381725
            ],
            [
              -107.8219695,
              37.9381783
            ],
            [
              -107.8219664,
              37.9381849
            ],
            [
              -107.821963,
              37.9381919
            ],
            [
              -107.8219596,
              37.9381992
            ],
            [
              -107.8219562,
              37.9382063
            ],
            [
              -107.8219529,
              37.938213
            ],
            [
              -107.82195,
              37.9382192
            ],
            [
              -107.8219475,
              37.9382244
            ],
            [
              -107.8219456,
              37.9382285
            ],
            [
              -107.8219443,
              37.9382311
            ],
            [
              -107.8219438,
              37.9382321
            ],
            [
              -107.8219438,
              37.9382321
            ],
            [
              -107.8220069,
              37.938251
            ],
            [
              -107.8220699,
              37.9382699
            ],
            [
              -107.8221329,
              37.9382888
            ],
            [
              -107.8221959,
              37.9383076
            ],
            [
              -107.822259,
              37.9383265
            ],
            [
              -107.822322,
              37.9383454
            ],
            [
              -107.822385,
              37.9383643
            ],
            [
              -107.822448,
              37.9383832
            ],
            [
              -107.8225111,
              37.9384021
            ],
            [
              -107.8225741,
              37.938421
            ],
            [
              -107.8226371,
              37.9384399
            ],
            [
              -107.8227002,
              37.9384588
            ],
            [
              -107.8227632,
              37.9384777
            ],
            [
              -107.8228262,
              37.9384966
            ]
          ]
        ]
      }
    },
    {
      "type": "Feature",
      "properties": {
        "id": "shandoka-lot-l-bldg-d-parking-massing",
        "project_id": "shandoka-lot-l",
        "name": "Shandoka Lot L \u2014 Building D (Parking Facility / Building 1, ~900 spaces)",
        "status": "Under Review",
        "project_type": "Parking / Transit",
        "height_ft": 50,
        "height_m": 15.24,
        "base_m": 0,
        "floors": 5,
        "sqft": 180000,
        "hotel_rooms": null,
        "housing_units": null,
        "source_confidence": "Estimated",
        "source_note": "Building 1 per PUD narrative \u2014 5-level parking garage, ~915 spaces. Mid-point >40 ft, ridge >45 ft variance. Lower heights along the San Miguel River corridor. Traced from Design Workshop site plan SVG; plat ~1\"=20', image scale 0.49 \u2192 0.173 m/SVG-unit. Anchored at driveway entrance (37.938233\u00b0, -107.821737\u00b0).",
        "deep_dive_url": "https://livabletelluride.org/empowering-telluride-the-future-of-lot-l-development/",
        "primary_source_url": "https://engagetelluride.org/",
        "last_updated": "2026-05-15"
      },
      "geometry": {
        "type": "Polygon",
        "coordinates": [
          [
            [
              -107.822921,
              37.9383284
            ],
            [
              -107.8231123,
              37.9379152
            ],
            [
              -107.8231318,
              37.937922
            ],
            [
              -107.8231419,
              37.9378999
            ],
            [
              -107.8231573,
              37.9379
            ],
            [
              -107.8231818,
              37.9378381
            ],
            [
              -107.8230842,
              37.9378096
            ],
            [
              -107.8230699,
              37.9378361
            ],
            [
              -107.8229779,
              37.9378033
            ],
            [
              -107.8229823,
              37.9377889
            ],
            [
              -107.8228609,
              37.9377514
            ],
            [
              -107.8228537,
              37.9377679
            ],
            [
              -107.8228119,
              37.9377554
            ],
            [
              -107.8228234,
              37.9377278
            ],
            [
              -107.8227034,
              37.9376925
            ],
            [
              -107.8226933,
              37.9377179
            ],
            [
              -107.8226235,
              37.9376974
            ],
            [
              -107.8226237,
              37.9376841
            ],
            [
              -107.8225093,
              37.9376489
            ],
            [
              -107.8225092,
              37.93766
            ],
            [
              -107.8224325,
              37.9376372
            ],
            [
              -107.8224426,
              37.9376118
            ],
            [
              -107.8222724,
              37.9375639
            ],
            [
              -107.82207,
              37.9379682
            ],
            [
              -107.822169,
              37.9379989
            ],
            [
              -107.8221217,
              37.9380872
            ],
            [
              -107.8222724,
              37.9381327
            ],
            [
              -107.8222666,
              37.9381493
            ],
            [
              -107.822388,
              37.9381824
            ],
            [
              -107.8223952,
              37.938168
            ],
            [
              -107.8224468,
              37.9381839
            ],
            [
              -107.8224368,
              37.9381994
            ],
            [
              -107.8225749,
              37.9382404
            ],
            [
              -107.8225835,
              37.9382227
            ],
            [
              -107.8226219,
              37.9382352
            ],
            [
              -107.8226111,
              37.9382528
            ],
            [
              -107.8227436,
              37.9382938
            ],
            [
              -107.8227579,
              37.9382706
            ],
            [
              -107.822921,
              37.9383284
            ]
          ]
        ]
      }
    },
    {
      "type": "Feature",
      "properties": {
        "id": "ilium-housing-b01-massing",
        "project_id": "ilium-housing",
        "name": "Ilium Housing \u2014 B01 (duplex, 2 units)",
        "status": "Under Review",
        "project_type": "Housing",
        "height_ft": 25,
        "height_m": 7.62,
        "base_m": 0,
        "floors": 2,
        "sqft": 1500,
        "hotel_rooms": null,
        "housing_units": 5,
        "source_confidence": "Estimated",
        "source_note": "Ilium Housing Development \u2014 49 deed-restricted for-sale townhomes total (Site 2 + Site 3), 132 bedrooms, Shavano 3-bed (1,216 SF) and Antero 2-bed (1,204 SF) unit types, factory-built. Each traced polygon represents one townhome building (typically a 4\u20135 attached unit row, not a duplex/triplex as previously labeled). 2-story residential, ~25 ft ridge. Source: Town of Mountain Village BOCC worksession slide, May 2026.",
        "deep_dive_url": "",
        "primary_source_url": "https://www.sanmiguelcountyco.gov/",
        "last_updated": "2026-05-15"
      },
      "geometry": {
        "type": "Polygon",
        "coordinates": [
          [
            [
              -107.9123644,
              37.9464094
            ],
            [
              -107.9124248,
              37.9462866
            ],
            [
              -107.9122949,
              37.9462437
            ],
            [
              -107.9122244,
              37.946368
            ],
            [
              -107.9123644,
              37.9464094
            ]
          ]
        ]
      }
    },
    {
      "type": "Feature",
      "properties": {
        "id": "ilium-housing-b02-massing",
        "project_id": "ilium-housing",
        "name": "Ilium Housing \u2014 B02 (triplex, 3 units)",
        "status": "Under Review",
        "project_type": "Housing",
        "height_ft": 25,
        "height_m": 7.62,
        "base_m": 0,
        "floors": 2,
        "sqft": 2700,
        "hotel_rooms": null,
        "housing_units": 5,
        "source_confidence": "Estimated",
        "source_note": "Ilium Housing Development \u2014 49 deed-restricted for-sale townhomes total (Site 2 + Site 3), 132 bedrooms, Shavano 3-bed (1,216 SF) and Antero 2-bed (1,204 SF) unit types, factory-built. Each traced polygon represents one townhome building (typically a 4\u20135 attached unit row, not a duplex/triplex as previously labeled). 2-story residential, ~25 ft ridge. Source: Town of Mountain Village BOCC worksession slide, May 2026.",
        "deep_dive_url": "",
        "primary_source_url": "https://www.sanmiguelcountyco.gov/",
        "last_updated": "2026-05-15"
      },
      "geometry": {
        "type": "Polygon",
        "coordinates": [
          [
            [
              -107.9121823,
              37.9463514
            ],
            [
              -107.9121878,
              37.9463409
            ],
            [
              -107.9121932,
              37.9463305
            ],
            [
              -107.9121986,
              37.94632
            ],
            [
              -107.9122041,
              37.9463096
            ],
            [
              -107.9122095,
              37.9462991
            ],
            [
              -107.912215,
              37.9462886
            ],
            [
              -107.9122204,
              37.9462782
            ],
            [
              -107.9122259,
              37.9462677
            ],
            [
              -107.9122313,
              37.9462573
            ],
            [
              -107.9122367,
              37.9462468
            ],
            [
              -107.9122422,
              37.9462364
            ],
            [
              -107.9122476,
              37.9462259
            ],
            [
              -107.9122476,
              37.9462259
            ],
            [
              -107.9122425,
              37.9462242
            ],
            [
              -107.9122374,
              37.9462225
            ],
            [
              -107.9122322,
              37.9462209
            ],
            [
              -107.9122271,
              37.9462192
            ],
            [
              -107.912222,
              37.9462175
            ],
            [
              -107.9122168,
              37.9462158
            ],
            [
              -107.9122117,
              37.9462141
            ],
            [
              -107.9122066,
              37.9462124
            ],
            [
              -107.9122015,
              37.9462107
            ],
            [
              -107.9121963,
              37.9462091
            ],
            [
              -107.9121912,
              37.9462074
            ],
            [
              -107.9121861,
              37.9462057
            ],
            [
              -107.9121861,
              37.9462057
            ],
            [
              -107.9121859,
              37.9462059
            ],
            [
              -107.9121856,
              37.9462067
            ],
            [
              -107.912185,
              37.9462077
            ],
            [
              -107.9121842,
              37.946209
            ],
            [
              -107.9121834,
              37.9462105
            ],
            [
              -107.9121824,
              37.9462121
            ],
            [
              -107.9121814,
              37.9462136
            ],
            [
              -107.9121804,
              37.946215
            ],
            [
              -107.9121794,
              37.9462162
            ],
            [
              -107.9121785,
              37.9462171
            ],
            [
              -107.9121777,
              37.9462176
            ],
            [
              -107.9121771,
              37.9462176
            ],
            [
              -107.9121771,
              37.9462176
            ],
            [
              -107.9121753,
              37.9462168
            ],
            [
              -107.9121714,
              37.9462153
            ],
            [
              -107.9121659,
              37.9462131
            ],
            [
              -107.9121591,
              37.9462104
            ],
            [
              -107.9121515,
              37.9462075
            ],
            [
              -107.9121435,
              37.9462044
            ],
            [
              -107.9121356,
              37.9462013
            ],
            [
              -107.9121282,
              37.9461984
            ],
            [
              -107.9121216,
              37.9461958
            ],
            [
              -107.9121164,
              37.9461938
            ],
            [
              -107.912113,
              37.9461925
            ],
            [
              -107.9121117,
              37.946192
            ],
            [
              -107.9121117,
              37.946192
            ],
            [
              -107.9121123,
              37.9461911
            ],
            [
              -107.912113,
              37.9461901
            ],
            [
              -107.9121136,
              37.9461892
            ],
            [
              -107.9121142,
              37.9461883
            ],
            [
              -107.9121149,
              37.9461873
            ],
            [
              -107.9121155,
              37.9461864
            ],
            [
              -107.9121161,
              37.9461854
            ],
            [
              -107.9121167,
              37.9461845
            ],
            [
              -107.9121174,
              37.9461835
            ],
            [
              -107.912118,
              37.9461826
            ],
            [
              -107.9121186,
              37.9461817
            ],
            [
              -107.9121192,
              37.9461807
            ],
            [
              -107.9121192,
              37.9461807
            ],
            [
              -107.9121138,
              37.9461789
            ],
            [
              -107.9121083,
              37.9461772
            ],
            [
              -107.9121029,
              37.9461754
            ],
            [
              -107.9120975,
              37.9461736
            ],
            [
              -107.912092,
              37.9461718
            ],
            [
              -107.9120866,
              37.94617
            ],
            [
              -107.9120811,
              37.9461682
            ],
            [
              -107.9120757,
              37.9461664
            ],
            [
              -107.9120702,
              37.9461647
            ],
            [
              -107.9120648,
              37.9461629
            ],
            [
              -107.9120593,
              37.9461611
            ],
            [
              -107.9120539,
              37.9461593
            ],
            [
              -107.9120539,
              37.9461593
            ],
            [
              -107.912048,
              37.9461698
            ],
            [
              -107.912042,
              37.9461803
            ],
            [
              -107.9120361,
              37.9461908
            ],
            [
              -107.9120301,
              37.9462013
            ],
            [
              -107.9120242,
              37.9462118
            ],
            [
              -107.9120182,
              37.9462223
            ],
            [
              -107.9120123,
              37.9462328
            ],
            [
              -107.9120063,
              37.9462434
            ],
            [
              -107.9120004,
              37.9462539
            ],
            [
              -107.9119945,
              37.9462644
            ],
            [
              -107.9119885,
              37.9462749
            ],
            [
              -107.9119826,
              37.9462854
            ],
            [
              -107.9119826,
              37.9462854
            ],
            [
              -107.9119882,
              37.9462872
            ],
            [
              -107.9119938,
              37.946289
            ],
            [
              -107.9119995,
              37.9462909
            ],
            [
              -107.9120051,
              37.9462927
            ],
            [
              -107.9120107,
              37.9462945
            ],
            [
              -107.9120164,
              37.9462964
            ],
            [
              -107.912022,
              37.9462982
            ],
            [
              -107.9120276,
              37.9463
            ],
            [
              -107.9120333,
              37.9463019
            ],
            [
              -107.9120389,
              37.9463037
            ],
            [
              -107.9120445,
              37.9463055
            ],
            [
              -107.9120502,
              37.9463074
            ],
            [
              -107.9120502,
              37.9463074
            ],
            [
              -107.9120508,
              37.9463062
            ],
            [
              -107.9120514,
              37.946305
            ],
            [
              -107.912052,
              37.9463038
            ],
            [
              -107.9120527,
              37.9463026
            ],
            [
              -107.9120533,
              37.9463014
            ],
            [
              -107.9120539,
              37.9463002
            ],
            [
              -107.9120545,
              37.946299
            ],
            [
              -107.9120552,
              37.9462979
            ],
            [
              -107.9120558,
              37.9462967
            ],
            [
              -107.9120564,
              37.9462955
            ],
            [
              -107.912057,
              37.9462943
            ],
            [
              -107.9120577,
              37.9462931
            ],
            [
              -107.9120577,
              37.9462931
            ],
            [
              -107.9120634,
              37.9462949
            ],
            [
              -107.912069,
              37.9462968
            ],
            [
              -107.9120747,
              37.9462986
            ],
            [
              -107.9120804,
              37.9463004
            ],
            [
              -107.9120861,
              37.9463023
            ],
            [
              -107.9120918,
              37.9463041
            ],
            [
              -107.9120975,
              37.9463059
            ],
            [
              -107.9121032,
              37.9463078
            ],
            [
              -107.9121089,
              37.9463096
            ],
            [
              -107.9121146,
              37.9463114
            ],
            [
              -107.9121203,
              37.9463133
            ],
            [
              -107.912126,
              37.9463151
            ],
            [
              -107.912126,
              37.9463151
            ],
            [
              -107.9121254,
              37.9463165
            ],
            [
              -107.9121249,
              37.9463179
            ],
            [
              -107.9121243,
              37.9463193
            ],
            [
              -107.9121237,
              37.9463207
            ],
            [
              -107.9121232,
              37.946322
            ],
            [
              -107.9121226,
              37.9463234
            ],
            [
              -107.912122,
              37.9463248
            ],
            [
              -107.9121215,
              37.9463262
            ],
            [
              -107.9121209,
              37.9463276
            ],
            [
              -107.9121204,
              37.946329
            ],
            [
              -107.9121198,
              37.9463304
            ],
            [
              -107.9121192,
              37.9463318
            ],
            [
              -107.9121192,
              37.9463318
            ],
            [
              -107.9121245,
              37.9463334
            ],
            [
              -107.9121297,
              37.946335
            ],
            [
              -107.912135,
              37.9463367
            ],
            [
              -107.9121403,
              37.9463383
            ],
            [
              -107.9121455,
              37.9463399
            ],
            [
              -107.9121508,
              37.9463416
            ],
            [
              -107.912156,
              37.9463432
            ],
            [
              -107.9121613,
              37.9463448
            ],
            [
              -107.9121665,
              37.9463465
            ],
            [
              -107.9121718,
              37.9463481
            ],
            [
              -107.9121771,
              37.9463497
            ],
            [
              -107.9121823,
              37.9463514
            ]
          ]
        ]
      }
    },
    {
      "type": "Feature",
      "properties": {
        "id": "ilium-housing-b03-massing",
        "project_id": "ilium-housing",
        "name": "Ilium Housing \u2014 B03 (triplex, 3 units)",
        "status": "Under Review",
        "project_type": "Housing",
        "height_ft": 25,
        "height_m": 7.62,
        "base_m": 0,
        "floors": 2,
        "sqft": 2700,
        "hotel_rooms": null,
        "housing_units": 5,
        "source_confidence": "Estimated",
        "source_note": "Ilium Housing Development \u2014 49 deed-restricted for-sale townhomes total (Site 2 + Site 3), 132 bedrooms, Shavano 3-bed (1,216 SF) and Antero 2-bed (1,204 SF) unit types, factory-built. Each traced polygon represents one townhome building (typically a 4\u20135 attached unit row, not a duplex/triplex as previously labeled). 2-story residential, ~25 ft ridge. Source: Town of Mountain Village BOCC worksession slide, May 2026.",
        "deep_dive_url": "",
        "primary_source_url": "https://www.sanmiguelcountyco.gov/",
        "last_updated": "2026-05-15"
      },
      "geometry": {
        "type": "Polygon",
        "coordinates": [
          [
            [
              -107.911945,
              37.9462669
            ],
            [
              -107.9119464,
              37.9462646
            ],
            [
              -107.9119502,
              37.946258
            ],
            [
              -107.9119559,
              37.9462481
            ],
            [
              -107.911963,
              37.9462356
            ],
            [
              -107.9119711,
              37.9462215
            ],
            [
              -107.9119796,
              37.9462065
            ],
            [
              -107.9119881,
              37.9461915
            ],
            [
              -107.9119961,
              37.9461773
            ],
            [
              -107.912003,
              37.9461648
            ],
            [
              -107.9120083,
              37.9461548
            ],
            [
              -107.9120117,
              37.9461481
            ],
            [
              -107.9120126,
              37.9461456
            ],
            [
              -107.9120126,
              37.9461456
            ],
            [
              -107.9120108,
              37.9461451
            ],
            [
              -107.9120068,
              37.9461438
            ],
            [
              -107.9120011,
              37.9461419
            ],
            [
              -107.9119941,
              37.9461395
            ],
            [
              -107.9119862,
              37.9461369
            ],
            [
              -107.9119779,
              37.9461341
            ],
            [
              -107.9119697,
              37.9461314
            ],
            [
              -107.911962,
              37.9461288
            ],
            [
              -107.9119552,
              37.9461265
            ],
            [
              -107.9119498,
              37.9461247
            ],
            [
              -107.9119463,
              37.9461235
            ],
            [
              -107.911945,
              37.946123
            ],
            [
              -107.911945,
              37.946123
            ],
            [
              -107.9119445,
              37.9461239
            ],
            [
              -107.9119439,
              37.9461247
            ],
            [
              -107.9119434,
              37.9461256
            ],
            [
              -107.9119428,
              37.9461264
            ],
            [
              -107.9119423,
              37.9461273
            ],
            [
              -107.9119418,
              37.9461281
            ],
            [
              -107.9119412,
              37.946129
            ],
            [
              -107.9119407,
              37.9461299
            ],
            [
              -107.9119402,
              37.9461307
            ],
            [
              -107.9119396,
              37.9461316
            ],
            [
              -107.9119391,
              37.9461324
            ],
            [
              -107.9119385,
              37.9461333
            ],
            [
              -107.9119385,
              37.9461333
            ],
            [
              -107.9119331,
              37.9461313
            ],
            [
              -107.9119276,
              37.9461294
            ],
            [
              -107.9119221,
              37.9461274
            ],
            [
              -107.9119167,
              37.9461255
            ],
            [
              -107.9119112,
              37.9461236
            ],
            [
              -107.9119057,
              37.9461216
            ],
            [
              -107.9119003,
              37.9461197
            ],
            [
              -107.9118948,
              37.9461177
            ],
            [
              -107.9118893,
              37.9461158
            ],
            [
              -107.9118838,
              37.9461138
            ],
            [
              -107.9118784,
              37.9461119
            ],
            [
              -107.9118729,
              37.94611
            ],
            [
              -107.9118729,
              37.94611
            ],
            [
              -107.9118733,
              37.9461091
            ],
            [
              -107.9118738,
              37.9461083
            ],
            [
              -107.9118742,
              37.9461074
            ],
            [
              -107.9118747,
              37.9461066
            ],
            [
              -107.9118751,
              37.9461057
            ],
            [
              -107.9118755,
              37.9461049
            ],
            [
              -107.911876,
              37.9461041
            ],
            [
              -107.9118764,
              37.9461032
            ],
            [
              -107.9118769,
              37.9461024
            ],
            [
              -107.9118773,
              37.9461015
            ],
            [
              -107.9118777,
              37.9461007
            ],
            [
              -107.9118782,
              37.9460999
            ],
            [
              -107.9118782,
              37.9460999
            ],
            [
              -107.9118728,
              37.9460981
            ],
            [
              -107.9118674,
              37.9460963
            ],
            [
              -107.911862,
              37.9460945
            ],
            [
              -107.9118566,
              37.9460927
            ],
            [
              -107.9118513,
              37.9460909
            ],
            [
              -107.9118459,
              37.9460891
            ],
            [
              -107.9118405,
              37.9460874
            ],
            [
              -107.9118351,
              37.9460856
            ],
            [
              -107.9118297,
              37.9460838
            ],
            [
              -107.9118244,
              37.946082
            ],
            [
              -107.911819,
              37.9460802
            ],
            [
              -107.9118136,
              37.9460784
            ],
            [
              -107.9118136,
              37.9460784
            ],
            [
              -107.9118076,
              37.946089
            ],
            [
              -107.9118017,
              37.9460996
            ],
            [
              -107.9117958,
              37.9461101
            ],
            [
              -107.9117898,
              37.9461207
            ],
            [
              -107.9117839,
              37.9461312
            ],
            [
              -107.9117779,
              37.9461418
            ],
            [
              -107.911772,
              37.9461523
            ],
            [
              -107.911766,
              37.9461629
            ],
            [
              -107.9117601,
              37.9461734
            ],
            [
              -107.9117541,
              37.946184
            ],
            [
              -107.9117482,
              37.9461945
            ],
            [
              -107.9117423,
              37.9462051
            ],
            [
              -107.9117423,
              37.9462051
            ],
            [
              -107.911748,
              37.9462067
            ],
            [
              -107.9117538,
              37.9462083
            ],
            [
              -107.9117595,
              37.9462099
            ],
            [
              -107.9117653,
              37.9462114
            ],
            [
              -107.911771,
              37.946213
            ],
            [
              -107.9117768,
              37.9462146
            ],
            [
              -107.9117826,
              37.9462162
            ],
            [
              -107.9117883,
              37.9462178
            ],
            [
              -107.9117941,
              37.9462194
            ],
            [
              -107.9117998,
              37.946221
            ],
            [
              -107.9118056,
              37.9462225
            ],
            [
              -107.9118113,
              37.9462241
            ],
            [
              -107.9118113,
              37.9462241
            ],
            [
              -107.9118118,
              37.9462233
            ],
            [
              -107.9118122,
              37.9462225
            ],
            [
              -107.9118126,
              37.9462217
            ],
            [
              -107.9118131,
              37.946221
            ],
            [
              -107.9118135,
              37.9462202
            ],
            [
              -107.911814,
              37.9462194
            ],
            [
              -107.9118144,
              37.9462186
            ],
            [
              -107.9118148,
              37.9462178
            ],
            [
              -107.9118153,
              37.946217
            ],
            [
              -107.9118157,
              37.9462162
            ],
            [
              -107.9118162,
              37.9462154
            ],
            [
              -107.9118166,
              37.9462146
            ],
            [
              -107.9118166,
              37.9462146
            ],
            [
              -107.9118222,
              37.9462162
            ],
            [
              -107.9118277,
              37.9462178
            ],
            [
              -107.9118333,
              37.9462194
            ],
            [
              -107.9118389,
              37.9462211
            ],
            [
              -107.9118445,
              37.9462227
            ],
            [
              -107.91185,
              37.9462243
            ],
            [
              -107.9118556,
              37.9462259
            ],
            [
              -107.9118612,
              37.9462275
            ],
            [
              -107.9118668,
              37.9462291
            ],
            [
              -107.9118723,
              37.9462307
            ],
            [
              -107.9118779,
              37.9462324
            ],
            [
              -107.9118835,
              37.946234
            ],
            [
              -107.9118835,
              37.946234
            ],
            [
              -107.9118828,
              37.9462351
            ],
            [
              -107.9118821,
              37.9462362
            ],
            [
              -107.9118815,
              37.9462373
            ],
            [
              -107.9118808,
              37.9462385
            ],
            [
              -107.9118801,
              37.9462396
            ],
            [
              -107.9118794,
              37.9462407
            ],
            [
              -107.9118788,
              37.9462418
            ],
            [
              -107.9118781,
              37.9462429
            ],
            [
              -107.9118774,
              37.9462441
            ],
            [
              -107.9118767,
              37.9462452
            ],
            [
              -107.911876,
              37.9462463
            ],
            [
              -107.9118754,
              37.9462474
            ],
            [
              -107.9118754,
              37.9462474
            ],
            [
              -107.9118812,
              37.946249
            ],
            [
              -107.911887,
              37.9462507
            ],
            [
              -107.9118928,
              37.9462523
            ],
            [
              -107.9118986,
              37.9462539
            ],
            [
              -107.9119044,
              37.9462555
            ],
            [
              -107.9119102,
              37.9462572
            ],
            [
              -107.911916,
              37.9462588
            ],
            [
              -107.9119218,
              37.9462604
            ],
            [
              -107.9119276,
              37.946262
            ],
            [
              -107.9119334,
              37.9462637
            ],
            [
              -107.9119392,
              37.9462653
            ],
            [
              -107.911945,
              37.9462669
            ]
          ]
        ]
      }
    },
    {
      "type": "Feature",
      "properties": {
        "id": "ilium-housing-b04-massing",
        "project_id": "ilium-housing",
        "name": "Ilium Housing \u2014 B04 (triplex, 3 units)",
        "status": "Under Review",
        "project_type": "Housing",
        "height_ft": 25,
        "height_m": 7.62,
        "base_m": 0,
        "floors": 2,
        "sqft": 2700,
        "hotel_rooms": null,
        "housing_units": 5,
        "source_confidence": "Estimated",
        "source_note": "Ilium Housing Development \u2014 49 deed-restricted for-sale townhomes total (Site 2 + Site 3), 132 bedrooms, Shavano 3-bed (1,216 SF) and Antero 2-bed (1,204 SF) unit types, factory-built. Each traced polygon represents one townhome building (typically a 4\u20135 attached unit row, not a duplex/triplex as previously labeled). 2-story residential, ~25 ft ridge. Source: Town of Mountain Village BOCC worksession slide, May 2026.",
        "deep_dive_url": "",
        "primary_source_url": "https://www.sanmiguelcountyco.gov/",
        "last_updated": "2026-05-15"
      },
      "geometry": {
        "type": "Polygon",
        "coordinates": [
          [
            [
              -107.9117017,
              37.9461873
            ],
            [
              -107.9117031,
              37.9461849
            ],
            [
              -107.9117069,
              37.9461783
            ],
            [
              -107.9117126,
              37.9461684
            ],
            [
              -107.9117197,
              37.9461559
            ],
            [
              -107.9117278,
              37.9461418
            ],
            [
              -107.9117363,
              37.9461268
            ],
            [
              -107.9117448,
              37.9461118
            ],
            [
              -107.9117528,
              37.9460977
            ],
            [
              -107.9117597,
              37.9460852
            ],
            [
              -107.9117651,
              37.9460752
            ],
            [
              -107.9117684,
              37.9460685
            ],
            [
              -107.9117693,
              37.946066
            ],
            [
              -107.9117693,
              37.946066
            ],
            [
              -107.9117675,
              37.9460654
            ],
            [
              -107.9117635,
              37.9460641
            ],
            [
              -107.9117578,
              37.9460622
            ],
            [
              -107.9117508,
              37.9460598
            ],
            [
              -107.9117429,
              37.9460572
            ],
            [
              -107.9117347,
              37.9460544
            ],
            [
              -107.9117264,
              37.9460517
            ],
            [
              -107.9117187,
              37.9460491
            ],
            [
              -107.9117119,
              37.9460468
            ],
            [
              -107.9117066,
              37.946045
            ],
            [
              -107.911703,
              37.9460438
            ],
            [
              -107.9117017,
              37.9460434
            ],
            [
              -107.9117017,
              37.9460434
            ],
            [
              -107.9117012,
              37.9460442
            ],
            [
              -107.9117006,
              37.9460451
            ],
            [
              -107.9117001,
              37.9460459
            ],
            [
              -107.9116996,
              37.9460468
            ],
            [
              -107.911699,
              37.9460476
            ],
            [
              -107.9116985,
              37.9460485
            ],
            [
              -107.9116979,
              37.9460493
            ],
            [
              -107.9116974,
              37.9460502
            ],
            [
              -107.9116969,
              37.946051
            ],
            [
              -107.9116963,
              37.9460519
            ],
            [
              -107.9116958,
              37.9460527
            ],
            [
              -107.9116953,
              37.9460536
            ],
            [
              -107.9116953,
              37.9460536
            ],
            [
              -107.9116898,
              37.9460516
            ],
            [
              -107.9116843,
              37.9460497
            ],
            [
              -107.9116788,
              37.9460478
            ],
            [
              -107.9116734,
              37.9460458
            ],
            [
              -107.9116679,
              37.9460439
            ],
            [
              -107.9116624,
              37.9460419
            ],
            [
              -107.911657,
              37.94604
            ],
            [
              -107.9116515,
              37.946038
            ],
            [
              -107.911646,
              37.9460361
            ],
            [
              -107.9116406,
              37.9460342
            ],
            [
              -107.9116351,
              37.9460322
            ],
            [
              -107.9116296,
              37.9460303
            ],
            [
              -107.9116296,
              37.9460303
            ],
            [
              -107.9116301,
              37.9460294
            ],
            [
              -107.9116305,
              37.9460286
            ],
            [
              -107.9116309,
              37.9460278
            ],
            [
              -107.9116314,
              37.9460269
            ],
            [
              -107.9116318,
              37.9460261
            ],
            [
              -107.9116322,
              37.9460252
            ],
            [
              -107.9116327,
              37.9460244
            ],
            [
              -107.9116331,
              37.9460235
            ],
            [
              -107.9116336,
              37.9460227
            ],
            [
              -107.911634,
              37.9460219
            ],
            [
              -107.9116344,
              37.946021
            ],
            [
              -107.9116349,
              37.9460202
            ],
            [
              -107.9116349,
              37.9460202
            ],
            [
              -107.9116295,
              37.9460184
            ],
            [
              -107.9116241,
              37.9460166
            ],
            [
              -107.9116187,
              37.9460148
            ],
            [
              -107.9116134,
              37.946013
            ],
            [
              -107.911608,
              37.9460113
            ],
            [
              -107.9116026,
              37.9460095
            ],
            [
              -107.9115972,
              37.9460077
            ],
            [
              -107.9115918,
              37.9460059
            ],
            [
              -107.9115864,
              37.9460041
            ],
            [
              -107.9115811,
              37.9460023
            ],
            [
              -107.9115757,
              37.9460006
            ],
            [
              -107.9115703,
              37.9459988
            ],
            [
              -107.9115703,
              37.9459988
            ],
            [
              -107.9115644,
              37.9460093
            ],
            [
              -107.9115584,
              37.9460199
            ],
            [
              -107.9115525,
              37.9460304
            ],
            [
              -107.9115465,
              37.946041
            ],
            [
              -107.9115406,
              37.9460515
            ],
            [
              -107.9115346,
              37.9460621
            ],
            [
              -107.9115287,
              37.9460726
            ],
            [
              -107.9115227,
              37.9460832
            ],
            [
              -107.9115168,
              37.9460938
            ],
            [
              -107.9115109,
              37.9461043
            ],
            [
              -107.9115049,
              37.9461149
            ],
            [
              -107.911499,
              37.9461254
            ],
            [
              -107.911499,
              37.9461254
            ],
            [
              -107.9115047,
              37.946127
            ],
            [
              -107.9115105,
              37.9461286
            ],
            [
              -107.9115162,
              37.9461302
            ],
            [
              -107.911522,
              37.9461318
            ],
            [
              -107.9115278,
              37.9461333
            ],
            [
              -107.9115335,
              37.9461349
            ],
            [
              -107.9115393,
              37.9461365
            ],
            [
              -107.911545,
              37.9461381
            ],
            [
              -107.9115508,
              37.9461397
            ],
            [
              -107.9115565,
              37.9461413
            ],
            [
              -107.9115623,
              37.9461429
            ],
            [
              -107.911568,
              37.9461444
            ],
            [
              -107.911568,
              37.9461444
            ],
            [
              -107.9115685,
              37.9461437
            ],
            [
              -107.9115689,
              37.9461429
            ],
            [
              -107.9115694,
              37.9461421
            ],
            [
              -107.9115698,
              37.9461413
            ],
            [
              -107.9115702,
              37.9461405
            ],
            [
              -107.9115707,
              37.9461397
            ],
            [
              -107.9115711,
              37.9461389
            ],
            [
              -107.9115716,
              37.9461381
            ],
            [
              -107.911572,
              37.9461373
            ],
            [
              -107.9115724,
              37.9461365
            ],
            [
              -107.9115729,
              37.9461357
            ],
            [
              -107.9115733,
              37.9461349
            ],
            [
              -107.9115733,
              37.9461349
            ],
            [
              -107.9115789,
              37.9461365
            ],
            [
              -107.9115845,
              37.9461382
            ],
            [
              -107.91159,
              37.9461398
            ],
            [
              -107.9115956,
              37.9461414
            ],
            [
              -107.9116012,
              37.946143
            ],
            [
              -107.9116068,
              37.9461446
            ],
            [
              -107.9116123,
              37.9461462
            ],
            [
              -107.9116179,
              37.9461478
            ],
            [
              -107.9116235,
              37.9461494
            ],
            [
              -107.9116291,
              37.9461511
            ],
            [
              -107.9116346,
              37.9461527
            ],
            [
              -107.9116402,
              37.9461543
            ],
            [
              -107.9116402,
              37.9461543
            ],
            [
              -107.9116395,
              37.9461554
            ],
            [
              -107.9116388,
              37.9461565
            ],
            [
              -107.9116382,
              37.9461577
            ],
            [
              -107.9116375,
              37.9461588
            ],
            [
              -107.9116368,
              37.9461599
            ],
            [
              -107.9116361,
              37.946161
            ],
            [
              -107.9116355,
              37.9461621
            ],
            [
              -107.9116348,
              37.9461633
            ],
            [
              -107.9116341,
              37.9461644
            ],
            [
              -107.9116334,
              37.9461655
            ],
            [
              -107.9116328,
              37.9461666
            ],
            [
              -107.9116321,
              37.9461677
            ],
            [
              -107.9116321,
              37.9461677
            ],
            [
              -107.9116379,
              37.9461694
            ],
            [
              -107.9116437,
              37.946171
            ],
            [
              -107.9116495,
              37.9461726
            ],
            [
              -107.9116553,
              37.9461742
            ],
            [
              -107.9116611,
              37.9461759
            ],
            [
              -107.9116669,
              37.9461775
            ],
            [
              -107.9116727,
              37.9461791
            ],
            [
              -107.9116785,
              37.9461807
            ],
            [
              -107.9116843,
              37.9461824
            ],
            [
              -107.9116901,
              37.946184
            ],
            [
              -107.9116959,
              37.9461856
            ],
            [
              -107.9117017,
              37.9461872
            ],
            [
              -107.9117017,
              37.9461873
            ]
          ]
        ]
      }
    },
    {
      "type": "Feature",
      "properties": {
        "id": "ilium-housing-b05-massing",
        "project_id": "ilium-housing",
        "name": "Ilium Housing \u2014 B05 (triplex, 3 units)",
        "status": "Under Review",
        "project_type": "Housing",
        "height_ft": 25,
        "height_m": 7.62,
        "base_m": 0,
        "floors": 2,
        "sqft": 2700,
        "hotel_rooms": null,
        "housing_units": 5,
        "source_confidence": "Estimated",
        "source_note": "Ilium Housing Development \u2014 49 deed-restricted for-sale townhomes total (Site 2 + Site 3), 132 bedrooms, Shavano 3-bed (1,216 SF) and Antero 2-bed (1,204 SF) unit types, factory-built. Each traced polygon represents one townhome building (typically a 4\u20135 attached unit row, not a duplex/triplex as previously labeled). 2-story residential, ~25 ft ridge. Source: Town of Mountain Village BOCC worksession slide, May 2026.",
        "deep_dive_url": "",
        "primary_source_url": "https://www.sanmiguelcountyco.gov/",
        "last_updated": "2026-05-15"
      },
      "geometry": {
        "type": "Polygon",
        "coordinates": [
          [
            [
              -107.9114585,
              37.9461071
            ],
            [
              -107.9114598,
              37.9461047
            ],
            [
              -107.9114635,
              37.9460981
            ],
            [
              -107.9114689,
              37.9460881
            ],
            [
              -107.9114757,
              37.9460755
            ],
            [
              -107.9114835,
              37.9460612
            ],
            [
              -107.9114916,
              37.9460461
            ],
            [
              -107.9114997,
              37.946031
            ],
            [
              -107.9115073,
              37.9460167
            ],
            [
              -107.9115139,
              37.9460041
            ],
            [
              -107.911519,
              37.945994
            ],
            [
              -107.9115222,
              37.9459873
            ],
            [
              -107.911523,
              37.9459847
            ],
            [
              -107.911523,
              37.9459847
            ],
            [
              -107.9115212,
              37.9459842
            ],
            [
              -107.9115172,
              37.9459829
            ],
            [
              -107.9115114,
              37.9459811
            ],
            [
              -107.9115043,
              37.9459789
            ],
            [
              -107.9114964,
              37.9459764
            ],
            [
              -107.9114881,
              37.9459738
            ],
            [
              -107.9114798,
              37.9459711
            ],
            [
              -107.911472,
              37.9459687
            ],
            [
              -107.9114652,
              37.9459665
            ],
            [
              -107.9114597,
              37.9459648
            ],
            [
              -107.9114561,
              37.9459636
            ],
            [
              -107.9114548,
              37.9459632
            ],
            [
              -107.9114548,
              37.9459632
            ],
            [
              -107.9114543,
              37.9459641
            ],
            [
              -107.9114538,
              37.9459649
            ],
            [
              -107.9114533,
              37.9459658
            ],
            [
              -107.9114528,
              37.9459667
            ],
            [
              -107.9114522,
              37.9459675
            ],
            [
              -107.9114517,
              37.9459684
            ],
            [
              -107.9114512,
              37.9459692
            ],
            [
              -107.9114507,
              37.9459701
            ],
            [
              -107.9114502,
              37.945971
            ],
            [
              -107.9114497,
              37.9459718
            ],
            [
              -107.9114491,
              37.9459727
            ],
            [
              -107.9114486,
              37.9459735
            ],
            [
              -107.9114486,
              37.9459735
            ],
            [
              -107.9114431,
              37.9459717
            ],
            [
              -107.9114376,
              37.9459698
            ],
            [
              -107.9114321,
              37.945968
            ],
            [
              -107.9114266,
              37.9459661
            ],
            [
              -107.911421,
              37.9459643
            ],
            [
              -107.9114155,
              37.9459624
            ],
            [
              -107.91141,
              37.9459606
            ],
            [
              -107.9114045,
              37.9459587
            ],
            [
              -107.911399,
              37.9459568
            ],
            [
              -107.9113934,
              37.945955
            ],
            [
              -107.9113879,
              37.9459531
            ],
            [
              -107.9113824,
              37.9459513
            ],
            [
              -107.9113824,
              37.9459513
            ],
            [
              -107.9113828,
              37.9459504
            ],
            [
              -107.9113832,
              37.9459496
            ],
            [
              -107.9113837,
              37.9459487
            ],
            [
              -107.9113841,
              37.9459479
            ],
            [
              -107.9113845,
              37.945947
            ],
            [
              -107.9113849,
              37.9459462
            ],
            [
              -107.9113853,
              37.9459453
            ],
            [
              -107.9113857,
              37.9459445
            ],
            [
              -107.9113861,
              37.9459436
            ],
            [
              -107.9113866,
              37.9459428
            ],
            [
              -107.911387,
              37.9459419
            ],
            [
              -107.9113874,
              37.9459411
            ],
            [
              -107.9113874,
              37.9459411
            ],
            [
              -107.911382,
              37.9459394
            ],
            [
              -107.9113765,
              37.9459377
            ],
            [
              -107.9113711,
              37.945936
            ],
            [
              -107.9113657,
              37.9459343
            ],
            [
              -107.9113603,
              37.9459326
            ],
            [
              -107.9113548,
              37.9459309
            ],
            [
              -107.9113494,
              37.9459292
            ],
            [
              -107.911344,
              37.9459275
            ],
            [
              -107.9113386,
              37.9459258
            ],
            [
              -107.9113331,
              37.9459241
            ],
            [
              -107.9113277,
              37.9459224
            ],
            [
              -107.9113223,
              37.9459207
            ],
            [
              -107.9113223,
              37.9459207
            ],
            [
              -107.9113166,
              37.9459314
            ],
            [
              -107.9113109,
              37.945942
            ],
            [
              -107.9113052,
              37.9459527
            ],
            [
              -107.9112996,
              37.9459633
            ],
            [
              -107.9112939,
              37.9459739
            ],
            [
              -107.9112882,
              37.9459846
            ],
            [
              -107.9112826,
              37.9459952
            ],
            [
              -107.9112769,
              37.9460059
            ],
            [
              -107.9112712,
              37.9460165
            ],
            [
              -107.9112655,
              37.9460272
            ],
            [
              -107.9112599,
              37.9460378
            ],
            [
              -107.9112542,
              37.9460485
            ],
            [
              -107.9112542,
              37.9460485
            ],
            [
              -107.91126,
              37.94605
            ],
            [
              -107.9112658,
              37.9460515
            ],
            [
              -107.9112716,
              37.946053
            ],
            [
              -107.9112774,
              37.9460544
            ],
            [
              -107.9112832,
              37.9460559
            ],
            [
              -107.911289,
              37.9460574
            ],
            [
              -107.9112948,
              37.9460589
            ],
            [
              -107.9113006,
              37.9460604
            ],
            [
              -107.9113063,
              37.9460619
            ],
            [
              -107.9113121,
              37.9460634
            ],
            [
              -107.9113179,
              37.9460649
            ],
            [
              -107.9113237,
              37.9460664
            ],
            [
              -107.9113237,
              37.9460664
            ],
            [
              -107.9113242,
              37.9460656
            ],
            [
              -107.9113246,
              37.9460648
            ],
            [
              -107.911325,
              37.946064
            ],
            [
              -107.9113254,
              37.9460632
            ],
            [
              -107.9113258,
              37.9460624
            ],
            [
              -107.9113262,
              37.9460616
            ],
            [
              -107.9113267,
              37.9460608
            ],
            [
              -107.9113271,
              37.94606
            ],
            [
              -107.9113275,
              37.9460592
            ],
            [
              -107.9113279,
              37.9460584
            ],
            [
              -107.9113283,
              37.9460576
            ],
            [
              -107.9113288,
              37.9460568
            ],
            [
              -107.9113288,
              37.9460568
            ],
            [
              -107.9113344,
              37.9460583
            ],
            [
              -107.91134,
              37.9460598
            ],
            [
              -107.9113456,
              37.9460614
            ],
            [
              -107.9113512,
              37.9460629
            ],
            [
              -107.9113568,
              37.9460644
            ],
            [
              -107.9113624,
              37.9460659
            ],
            [
              -107.9113681,
              37.9460675
            ],
            [
              -107.9113737,
              37.946069
            ],
            [
              -107.9113793,
              37.9460705
            ],
            [
              -107.9113849,
              37.946072
            ],
            [
              -107.9113905,
              37.9460736
            ],
            [
              -107.9113961,
              37.9460751
            ],
            [
              -107.9113961,
              37.9460751
            ],
            [
              -107.9113955,
              37.9460762
            ],
            [
              -107.9113948,
              37.9460774
            ],
            [
              -107.9113942,
              37.9460785
            ],
            [
              -107.9113935,
              37.9460796
            ],
            [
              -107.9113929,
              37.9460808
            ],
            [
              -107.9113922,
              37.9460819
            ],
            [
              -107.9113916,
              37.946083
            ],
            [
              -107.9113909,
              37.9460842
            ],
            [
              -107.9113903,
              37.9460853
            ],
            [
              -107.9113896,
              37.9460864
            ],
            [
              -107.911389,
              37.9460876
            ],
            [
              -107.9113883,
              37.9460887
            ],
            [
              -107.9113883,
              37.9460887
            ],
            [
              -107.9113942,
              37.9460902
            ],
            [
              -107.9114,
              37.9460918
            ],
            [
              -107.9114059,
              37.9460933
            ],
            [
              -107.9114117,
              37.9460948
            ],
            [
              -107.9114176,
              37.9460963
            ],
            [
              -107.9114234,
              37.9460979
            ],
            [
              -107.9114293,
              37.9460994
            ],
            [
              -107.9114351,
              37.9461009
            ],
            [
              -107.911441,
              37.9461025
            ],
            [
              -107.9114468,
              37.946104
            ],
            [
              -107.9114526,
              37.9461055
            ],
            [
              -107.9114585,
              37.9461071
            ]
          ]
        ]
      }
    },
    {
      "type": "Feature",
      "properties": {
        "id": "ilium-housing-b06-massing",
        "project_id": "ilium-housing",
        "name": "Ilium Housing \u2014 B06 (triplex, 3 units)",
        "status": "Under Review",
        "project_type": "Housing",
        "height_ft": 25,
        "height_m": 7.62,
        "base_m": 0,
        "floors": 2,
        "sqft": 2700,
        "hotel_rooms": null,
        "housing_units": 5,
        "source_confidence": "Estimated",
        "source_note": "Ilium Housing Development \u2014 49 deed-restricted for-sale townhomes total (Site 2 + Site 3), 132 bedrooms, Shavano 3-bed (1,216 SF) and Antero 2-bed (1,204 SF) unit types, factory-built. Each traced polygon represents one townhome building (typically a 4\u20135 attached unit row, not a duplex/triplex as previously labeled). 2-story residential, ~25 ft ridge. Source: Town of Mountain Village BOCC worksession slide, May 2026.",
        "deep_dive_url": "",
        "primary_source_url": "https://www.sanmiguelcountyco.gov/",
        "last_updated": "2026-05-15"
      },
      "geometry": {
        "type": "Polygon",
        "coordinates": [
          [
            [
              -107.9112089,
              37.9460297
            ],
            [
              -107.91121,
              37.9460273
            ],
            [
              -107.9112133,
              37.9460206
            ],
            [
              -107.9112182,
              37.9460104
            ],
            [
              -107.9112244,
              37.9459976
            ],
            [
              -107.9112313,
              37.9459831
            ],
            [
              -107.9112387,
              37.9459677
            ],
            [
              -107.911246,
              37.9459523
            ],
            [
              -107.9112528,
              37.9459378
            ],
            [
              -107.9112587,
              37.945925
            ],
            [
              -107.9112633,
              37.9459147
            ],
            [
              -107.9112661,
              37.9459079
            ],
            [
              -107.9112668,
              37.9459053
            ],
            [
              -107.9112668,
              37.9459053
            ],
            [
              -107.9112649,
              37.9459049
            ],
            [
              -107.9112608,
              37.9459037
            ],
            [
              -107.911255,
              37.9459021
            ],
            [
              -107.9112478,
              37.9459001
            ],
            [
              -107.9112397,
              37.9458979
            ],
            [
              -107.9112313,
              37.9458955
            ],
            [
              -107.9112229,
              37.9458932
            ],
            [
              -107.911215,
              37.945891
            ],
            [
              -107.911208,
              37.945889
            ],
            [
              -107.9112025,
              37.9458875
            ],
            [
              -107.9111989,
              37.9458865
            ],
            [
              -107.9111976,
              37.9458861
            ],
            [
              -107.9111976,
              37.9458861
            ],
            [
              -107.9111971,
              37.945887
            ],
            [
              -107.9111966,
              37.9458879
            ],
            [
              -107.9111961,
              37.9458887
            ],
            [
              -107.9111957,
              37.9458896
            ],
            [
              -107.9111952,
              37.9458905
            ],
            [
              -107.9111947,
              37.9458914
            ],
            [
              -107.9111943,
              37.9458922
            ],
            [
              -107.9111938,
              37.9458931
            ],
            [
              -107.9111933,
              37.945894
            ],
            [
              -107.9111929,
              37.9458949
            ],
            [
              -107.9111924,
              37.9458958
            ],
            [
              -107.9111919,
              37.9458966
            ],
            [
              -107.9111919,
              37.9458966
            ],
            [
              -107.9111863,
              37.945895
            ],
            [
              -107.9111807,
              37.9458933
            ],
            [
              -107.9111751,
              37.9458916
            ],
            [
              -107.9111695,
              37.94589
            ],
            [
              -107.9111639,
              37.9458883
            ],
            [
              -107.9111583,
              37.9458866
            ],
            [
              -107.9111526,
              37.9458849
            ],
            [
              -107.911147,
              37.9458833
            ],
            [
              -107.9111414,
              37.9458816
            ],
            [
              -107.9111358,
              37.9458799
            ],
            [
              -107.9111302,
              37.9458783
            ],
            [
              -107.9111246,
              37.9458766
            ],
            [
              -107.9111246,
              37.9458766
            ],
            [
              -107.911125,
              37.9458757
            ],
            [
              -107.9111253,
              37.9458749
            ],
            [
              -107.9111257,
              37.945874
            ],
            [
              -107.9111261,
              37.9458732
            ],
            [
              -107.9111264,
              37.9458723
            ],
            [
              -107.9111268,
              37.9458714
            ],
            [
              -107.9111272,
              37.9458706
            ],
            [
              -107.9111275,
              37.9458697
            ],
            [
              -107.9111279,
              37.9458688
            ],
            [
              -107.9111283,
              37.945868
            ],
            [
              -107.9111287,
              37.9458671
            ],
            [
              -107.911129,
              37.9458662
            ],
            [
              -107.911129,
              37.9458662
            ],
            [
              -107.9111235,
              37.9458647
            ],
            [
              -107.911118,
              37.9458632
            ],
            [
              -107.9111125,
              37.9458617
            ],
            [
              -107.911107,
              37.9458602
            ],
            [
              -107.9111015,
              37.9458587
            ],
            [
              -107.9110959,
              37.9458572
            ],
            [
              -107.9110904,
              37.9458556
            ],
            [
              -107.9110849,
              37.9458541
            ],
            [
              -107.9110794,
              37.9458526
            ],
            [
              -107.9110739,
              37.9458511
            ],
            [
              -107.9110684,
              37.9458496
            ],
            [
              -107.9110629,
              37.9458481
            ],
            [
              -107.9110629,
              37.9458481
            ],
            [
              -107.9110578,
              37.9458589
            ],
            [
              -107.9110527,
              37.9458697
            ],
            [
              -107.9110476,
              37.9458805
            ],
            [
              -107.9110425,
              37.9458914
            ],
            [
              -107.9110373,
              37.9459022
            ],
            [
              -107.9110322,
              37.945913
            ],
            [
              -107.9110271,
              37.9459238
            ],
            [
              -107.911022,
              37.9459347
            ],
            [
              -107.9110169,
              37.9459455
            ],
            [
              -107.9110118,
              37.9459563
            ],
            [
              -107.9110067,
              37.9459672
            ],
            [
              -107.9110016,
              37.945978
            ],
            [
              -107.9110016,
              37.945978
            ],
            [
              -107.9110075,
              37.9459793
            ],
            [
              -107.9110133,
              37.9459806
            ],
            [
              -107.9110192,
              37.9459819
            ],
            [
              -107.9110251,
              37.9459832
            ],
            [
              -107.911031,
              37.9459845
            ],
            [
              -107.9110368,
              37.9459858
            ],
            [
              -107.9110427,
              37.9459871
            ],
            [
              -107.9110486,
              37.9459884
            ],
            [
              -107.9110544,
              37.9459897
            ],
            [
              -107.9110603,
              37.945991
            ],
            [
              -107.9110662,
              37.9459923
            ],
            [
              -107.9110721,
              37.9459936
            ],
            [
              -107.9110721,
              37.9459936
            ],
            [
              -107.9110724,
              37.9459928
            ],
            [
              -107.9110728,
              37.945992
            ],
            [
              -107.9110732,
              37.9459911
            ],
            [
              -107.9110736,
              37.9459903
            ],
            [
              -107.9110739,
              37.9459895
            ],
            [
              -107.9110743,
              37.9459887
            ],
            [
              -107.9110747,
              37.9459879
            ],
            [
              -107.9110751,
              37.9459871
            ],
            [
              -107.9110754,
              37.9459863
            ],
            [
              -107.9110758,
              37.9459854
            ],
            [
              -107.9110762,
              37.9459846
            ],
            [
              -107.9110766,
              37.9459838
            ],
            [
              -107.9110766,
              37.9459838
            ],
            [
              -107.9110823,
              37.9459852
            ],
            [
              -107.9110879,
              37.9459865
            ],
            [
              -107.9110936,
              37.9459878
            ],
            [
              -107.9110993,
              37.9459892
            ],
            [
              -107.911105,
              37.9459905
            ],
            [
              -107.9111107,
              37.9459918
            ],
            [
              -107.9111164,
              37.9459932
            ],
            [
              -107.9111221,
              37.9459945
            ],
            [
              -107.9111278,
              37.9459958
            ],
            [
              -107.9111335,
              37.9459972
            ],
            [
              -107.9111392,
              37.9459985
            ],
            [
              -107.9111449,
              37.9459998
            ],
            [
              -107.9111449,
              37.9459998
            ],
            [
              -107.9111443,
              37.946001
            ],
            [
              -107.9111437,
              37.9460022
            ],
            [
              -107.9111431,
              37.9460033
            ],
            [
              -107.9111425,
              37.9460045
            ],
            [
              -107.9111419,
              37.9460056
            ],
            [
              -107.9111413,
              37.9460068
            ],
            [
              -107.9111407,
              37.9460079
            ],
            [
              -107.9111401,
              37.9460091
            ],
            [
              -107.9111396,
              37.9460102
            ],
            [
              -107.911139,
              37.9460114
            ],
            [
              -107.9111384,
              37.9460125
            ],
            [
              -107.9111378,
              37.9460137
            ],
            [
              -107.9111378,
              37.9460137
            ],
            [
              -107.9111437,
              37.946015
            ],
            [
              -107.9111496,
              37.9460164
            ],
            [
              -107.9111555,
              37.9460177
            ],
            [
              -107.9111615,
              37.946019
            ],
            [
              -107.9111674,
              37.9460204
            ],
            [
              -107.9111733,
              37.9460217
            ],
            [
              -107.9111792,
              37.946023
            ],
            [
              -107.9111851,
              37.9460244
            ],
            [
              -107.9111911,
              37.9460257
            ],
            [
              -107.911197,
              37.946027
            ],
            [
              -107.9112029,
              37.9460284
            ],
            [
              -107.9112088,
              37.9460297
            ],
            [
              -107.9112089,
              37.9460297
            ]
          ]
        ]
      }
    },
    {
      "type": "Feature",
      "properties": {
        "id": "ilium-housing-b07-massing",
        "project_id": "ilium-housing",
        "name": "Ilium Housing \u2014 B07 (triplex, 3 units)",
        "status": "Under Review",
        "project_type": "Housing",
        "height_ft": 25,
        "height_m": 7.62,
        "base_m": 0,
        "floors": 2,
        "sqft": 2700,
        "hotel_rooms": null,
        "housing_units": 5,
        "source_confidence": "Estimated",
        "source_note": "Ilium Housing Development \u2014 49 deed-restricted for-sale townhomes total (Site 2 + Site 3), 132 bedrooms, Shavano 3-bed (1,216 SF) and Antero 2-bed (1,204 SF) unit types, factory-built. Each traced polygon represents one townhome building (typically a 4\u20135 attached unit row, not a duplex/triplex as previously labeled). 2-story residential, ~25 ft ridge. Source: Town of Mountain Village BOCC worksession slide, May 2026.",
        "deep_dive_url": "",
        "primary_source_url": "https://www.sanmiguelcountyco.gov/",
        "last_updated": "2026-05-15"
      },
      "geometry": {
        "type": "Polygon",
        "coordinates": [
          [
            [
              -107.91097,
              37.9459631
            ],
            [
              -107.9109709,
              37.9459606
            ],
            [
              -107.9109734,
              37.9459536
            ],
            [
              -107.9109771,
              37.9459431
            ],
            [
              -107.9109817,
              37.9459299
            ],
            [
              -107.9109869,
              37.945915
            ],
            [
              -107.9109923,
              37.9458991
            ],
            [
              -107.9109978,
              37.9458833
            ],
            [
              -107.9110028,
              37.9458683
            ],
            [
              -107.9110072,
              37.9458551
            ],
            [
              -107.9110105,
              37.9458445
            ],
            [
              -107.9110126,
              37.9458375
            ],
            [
              -107.9110129,
              37.9458349
            ],
            [
              -107.9110129,
              37.9458349
            ],
            [
              -107.911011,
              37.9458346
            ],
            [
              -107.9110068,
              37.9458338
            ],
            [
              -107.9110008,
              37.9458326
            ],
            [
              -107.9109934,
              37.9458312
            ],
            [
              -107.9109851,
              37.9458295
            ],
            [
              -107.9109764,
              37.9458278
            ],
            [
              -107.9109678,
              37.9458261
            ],
            [
              -107.9109597,
              37.9458245
            ],
            [
              -107.9109525,
              37.9458231
            ],
            [
              -107.9109468,
              37.945822
            ],
            [
              -107.9109431,
              37.9458212
            ],
            [
              -107.9109417,
              37.945821
            ],
            [
              -107.9109417,
              37.945821
            ],
            [
              -107.9109413,
              37.9458219
            ],
            [
              -107.910941,
              37.9458228
            ],
            [
              -107.9109406,
              37.9458237
            ],
            [
              -107.9109403,
              37.9458246
            ],
            [
              -107.9109399,
              37.9458255
            ],
            [
              -107.9109395,
              37.9458264
            ],
            [
              -107.9109392,
              37.9458273
            ],
            [
              -107.9109388,
              37.9458282
            ],
            [
              -107.9109384,
              37.9458291
            ],
            [
              -107.9109381,
              37.94583
            ],
            [
              -107.9109377,
              37.9458309
            ],
            [
              -107.9109373,
              37.9458318
            ],
            [
              -107.9109373,
              37.9458318
            ],
            [
              -107.9109316,
              37.9458306
            ],
            [
              -107.9109258,
              37.9458294
            ],
            [
              -107.91092,
              37.9458281
            ],
            [
              -107.9109142,
              37.9458269
            ],
            [
              -107.9109084,
              37.9458256
            ],
            [
              -107.9109026,
              37.9458244
            ],
            [
              -107.9108968,
              37.9458231
            ],
            [
              -107.9108911,
              37.9458219
            ],
            [
              -107.9108853,
              37.9458207
            ],
            [
              -107.9108795,
              37.9458194
            ],
            [
              -107.9108737,
              37.9458182
            ],
            [
              -107.9108679,
              37.9458169
            ],
            [
              -107.9108679,
              37.9458169
            ],
            [
              -107.9108682,
              37.945816
            ],
            [
              -107.9108685,
              37.9458152
            ],
            [
              -107.9108687,
              37.9458143
            ],
            [
              -107.910869,
              37.9458134
            ],
            [
              -107.9108693,
              37.9458125
            ],
            [
              -107.9108695,
              37.9458116
            ],
            [
              -107.9108698,
              37.9458107
            ],
            [
              -107.9108701,
              37.9458098
            ],
            [
              -107.9108703,
              37.945809
            ],
            [
              -107.9108706,
              37.9458081
            ],
            [
              -107.9108709,
              37.9458072
            ],
            [
              -107.9108711,
              37.9458063
            ],
            [
              -107.9108711,
              37.9458063
            ],
            [
              -107.9108655,
              37.9458052
            ],
            [
              -107.9108598,
              37.9458041
            ],
            [
              -107.9108541,
              37.945803
            ],
            [
              -107.9108485,
              37.9458019
            ],
            [
              -107.9108428,
              37.9458008
            ],
            [
              -107.9108371,
              37.9457997
            ],
            [
              -107.9108315,
              37.9457986
            ],
            [
              -107.9108258,
              37.9457975
            ],
            [
              -107.9108201,
              37.9457964
            ],
            [
              -107.9108145,
              37.9457953
            ],
            [
              -107.9108088,
              37.9457942
            ],
            [
              -107.9108031,
              37.9457931
            ],
            [
              -107.9108031,
              37.9457931
            ],
            [
              -107.9107993,
              37.9458043
            ],
            [
              -107.9107956,
              37.9458155
            ],
            [
              -107.9107918,
              37.9458266
            ],
            [
              -107.910788,
              37.9458378
            ],
            [
              -107.9107842,
              37.9458489
            ],
            [
              -107.9107804,
              37.9458601
            ],
            [
              -107.9107766,
              37.9458713
            ],
            [
              -107.9107728,
              37.9458824
            ],
            [
              -107.910769,
              37.9458936
            ],
            [
              -107.9107652,
              37.9459047
            ],
            [
              -107.9107614,
              37.9459159
            ],
            [
              -107.9107576,
              37.9459271
            ],
            [
              -107.9107576,
              37.9459271
            ],
            [
              -107.9107636,
              37.9459279
            ],
            [
              -107.9107696,
              37.9459288
            ],
            [
              -107.9107756,
              37.9459296
            ],
            [
              -107.9107816,
              37.9459305
            ],
            [
              -107.9107876,
              37.9459313
            ],
            [
              -107.9107936,
              37.9459322
            ],
            [
              -107.9107996,
              37.9459331
            ],
            [
              -107.9108056,
              37.9459339
            ],
            [
              -107.9108116,
              37.9459348
            ],
            [
              -107.9108176,
              37.9459356
            ],
            [
              -107.9108236,
              37.9459365
            ],
            [
              -107.9108296,
              37.9459373
            ],
            [
              -107.9108296,
              37.9459373
            ],
            [
              -107.9108299,
              37.9459365
            ],
            [
              -107.9108302,
              37.9459357
            ],
            [
              -107.9108304,
              37.9459348
            ],
            [
              -107.9108307,
              37.945934
            ],
            [
              -107.910831,
              37.9459331
            ],
            [
              -107.9108313,
              37.9459323
            ],
            [
              -107.9108316,
              37.9459315
            ],
            [
              -107.9108318,
              37.9459306
            ],
            [
              -107.9108321,
              37.9459298
            ],
            [
              -107.9108324,
              37.945929
            ],
            [
              -107.9108327,
              37.9459281
            ],
            [
              -107.9108329,
              37.9459273
            ],
            [
              -107.9108329,
              37.9459273
            ],
            [
              -107.9108388,
              37.9459282
            ],
            [
              -107.9108446,
              37.9459291
            ],
            [
              -107.9108504,
              37.94593
            ],
            [
              -107.9108562,
              37.9459309
            ],
            [
              -107.9108621,
              37.9459318
            ],
            [
              -107.9108679,
              37.9459327
            ],
            [
              -107.9108737,
              37.9459336
            ],
            [
              -107.9108795,
              37.9459345
            ],
            [
              -107.9108854,
              37.9459354
            ],
            [
              -107.9108912,
              37.9459363
            ],
            [
              -107.910897,
              37.9459372
            ],
            [
              -107.9109028,
              37.9459381
            ],
            [
              -107.9109028,
              37.9459381
            ],
            [
              -107.9109024,
              37.9459393
            ],
            [
              -107.9109019,
              37.9459405
            ],
            [
              -107.9109015,
              37.9459417
            ],
            [
              -107.910901,
              37.9459429
            ],
            [
              -107.9109006,
              37.9459441
            ],
            [
              -107.9109001,
              37.9459453
            ],
            [
              -107.9108997,
              37.9459465
            ],
            [
              -107.9108992,
              37.9459477
            ],
            [
              -107.9108988,
              37.9459489
            ],
            [
              -107.9108983,
              37.9459501
            ],
            [
              -107.9108979,
              37.9459512
            ],
            [
              -107.9108974,
              37.9459524
            ],
            [
              -107.9108974,
              37.9459524
            ],
            [
              -107.9109035,
              37.9459533
            ],
            [
              -107.9109095,
              37.9459542
            ],
            [
              -107.9109156,
              37.9459551
            ],
            [
              -107.9109217,
              37.945956
            ],
            [
              -107.9109277,
              37.9459569
            ],
            [
              -107.9109338,
              37.9459578
            ],
            [
              -107.9109398,
              37.9459587
            ],
            [
              -107.9109459,
              37.9459595
            ],
            [
              -107.9109519,
              37.9459604
            ],
            [
              -107.910958,
              37.9459613
            ],
            [
              -107.910964,
              37.9459622
            ],
            [
              -107.9109701,
              37.9459631
            ],
            [
              -107.91097,
              37.9459631
            ]
          ]
        ]
      }
    },
    {
      "type": "Feature",
      "properties": {
        "id": "ilium-housing-b08-massing",
        "project_id": "ilium-housing",
        "name": "Ilium Housing \u2014 B08 (triplex, 3 units)",
        "status": "Under Review",
        "project_type": "Housing",
        "height_ft": 25,
        "height_m": 7.62,
        "base_m": 0,
        "floors": 2,
        "sqft": 2700,
        "hotel_rooms": null,
        "housing_units": 5,
        "source_confidence": "Estimated",
        "source_note": "Ilium Housing Development \u2014 49 deed-restricted for-sale townhomes total (Site 2 + Site 3), 132 bedrooms, Shavano 3-bed (1,216 SF) and Antero 2-bed (1,204 SF) unit types, factory-built. Each traced polygon represents one townhome building (typically a 4\u20135 attached unit row, not a duplex/triplex as previously labeled). 2-story residential, ~25 ft ridge. Source: Town of Mountain Village BOCC worksession slide, May 2026.",
        "deep_dive_url": "",
        "primary_source_url": "https://www.sanmiguelcountyco.gov/",
        "last_updated": "2026-05-15"
      },
      "geometry": {
        "type": "Polygon",
        "coordinates": [
          [
            [
              -107.9107087,
              37.9459096
            ],
            [
              -107.9107096,
              37.9459071
            ],
            [
              -107.910712,
              37.9459001
            ],
            [
              -107.9107157,
              37.9458896
            ],
            [
              -107.9107203,
              37.9458764
            ],
            [
              -107.9107255,
              37.9458615
            ],
            [
              -107.910731,
              37.9458456
            ],
            [
              -107.9107364,
              37.9458297
            ],
            [
              -107.9107415,
              37.9458148
            ],
            [
              -107.9107458,
              37.9458016
            ],
            [
              -107.9107492,
              37.945791
            ],
            [
              -107.9107512,
              37.945784
            ],
            [
              -107.9107516,
              37.9457814
            ],
            [
              -107.9107516,
              37.9457814
            ],
            [
              -107.9107497,
              37.9457811
            ],
            [
              -107.9107455,
              37.9457803
            ],
            [
              -107.9107395,
              37.9457791
            ],
            [
              -107.9107321,
              37.9457777
            ],
            [
              -107.9107238,
              37.945776
            ],
            [
              -107.9107151,
              37.9457743
            ],
            [
              -107.9107064,
              37.9457726
            ],
            [
              -107.9106983,
              37.945771
            ],
            [
              -107.9106912,
              37.9457696
            ],
            [
              -107.9106855,
              37.9457684
            ],
            [
              -107.9106817,
              37.9457677
            ],
            [
              -107.9106804,
              37.9457674
            ],
            [
              -107.9106804,
              37.9457674
            ],
            [
              -107.91068,
              37.9457683
            ],
            [
              -107.9106796,
              37.9457693
            ],
            [
              -107.9106793,
              37.9457702
            ],
            [
              -107.9106789,
              37.9457711
            ],
            [
              -107.9106785,
              37.945772
            ],
            [
              -107.9106782,
              37.9457729
            ],
            [
              -107.9106778,
              37.9457738
            ],
            [
              -107.9106775,
              37.9457747
            ],
            [
              -107.9106771,
              37.9457756
            ],
            [
              -107.9106767,
              37.9457765
            ],
            [
              -107.9106764,
              37.9457774
            ],
            [
              -107.910676,
              37.9457783
            ],
            [
              -107.910676,
              37.9457783
            ],
            [
              -107.9106702,
              37.9457771
            ],
            [
              -107.9106644,
              37.9457758
            ],
            [
              -107.9106586,
              37.9457746
            ],
            [
              -107.9106529,
              37.9457734
            ],
            [
              -107.9106471,
              37.9457721
            ],
            [
              -107.9106413,
              37.9457709
            ],
            [
              -107.9106355,
              37.9457696
            ],
            [
              -107.9106297,
              37.9457684
            ],
            [
              -107.9106239,
              37.9457671
            ],
            [
              -107.9106181,
              37.9457659
            ],
            [
              -107.9106124,
              37.9457647
            ],
            [
              -107.9106066,
              37.9457634
            ],
            [
              -107.9106066,
              37.9457634
            ],
            [
              -107.9106068,
              37.9457625
            ],
            [
              -107.9106071,
              37.9457616
            ],
            [
              -107.9106074,
              37.9457608
            ],
            [
              -107.9106076,
              37.9457599
            ],
            [
              -107.9106079,
              37.945759
            ],
            [
              -107.9106082,
              37.9457581
            ],
            [
              -107.9106084,
              37.9457572
            ],
            [
              -107.9106087,
              37.9457563
            ],
            [
              -107.910609,
              37.9457554
            ],
            [
              -107.9106092,
              37.9457546
            ],
            [
              -107.9106095,
              37.9457537
            ],
            [
              -107.9106098,
              37.9457528
            ],
            [
              -107.9106098,
              37.9457528
            ],
            [
              -107.9106041,
              37.9457517
            ],
            [
              -107.9105985,
              37.9457506
            ],
            [
              -107.9105928,
              37.9457495
            ],
            [
              -107.9105871,
              37.9457484
            ],
            [
              -107.9105815,
              37.9457473
            ],
            [
              -107.9105758,
              37.9457462
            ],
            [
              -107.9105701,
              37.9457451
            ],
            [
              -107.9105645,
              37.945744
            ],
            [
              -107.9105588,
              37.9457429
            ],
            [
              -107.9105531,
              37.9457418
            ],
            [
              -107.9105475,
              37.9457407
            ],
            [
              -107.9105418,
              37.9457396
            ],
            [
              -107.9105418,
              37.9457396
            ],
            [
              -107.910538,
              37.9457508
            ],
            [
              -107.9105342,
              37.9457619
            ],
            [
              -107.9105304,
              37.9457731
            ],
            [
              -107.9105266,
              37.9457843
            ],
            [
              -107.9105228,
              37.9457954
            ],
            [
              -107.910519,
              37.9458066
            ],
            [
              -107.9105153,
              37.9458177
            ],
            [
              -107.9105115,
              37.9458289
            ],
            [
              -107.9105077,
              37.9458401
            ],
            [
              -107.9105039,
              37.9458512
            ],
            [
              -107.9105001,
              37.9458624
            ],
            [
              -107.9104963,
              37.9458735
            ],
            [
              -107.9104963,
              37.9458735
            ],
            [
              -107.9105023,
              37.9458744
            ],
            [
              -107.9105083,
              37.9458753
            ],
            [
              -107.9105143,
              37.9458761
            ],
            [
              -107.9105203,
              37.945877
            ],
            [
              -107.9105263,
              37.9458778
            ],
            [
              -107.9105323,
              37.9458787
            ],
            [
              -107.9105383,
              37.9458795
            ],
            [
              -107.9105443,
              37.9458804
            ],
            [
              -107.9105503,
              37.9458812
            ],
            [
              -107.9105563,
              37.9458821
            ],
            [
              -107.9105623,
              37.945883
            ],
            [
              -107.9105683,
              37.9458838
            ],
            [
              -107.9105683,
              37.9458838
            ],
            [
              -107.9105686,
              37.945883
            ],
            [
              -107.9105688,
              37.9458821
            ],
            [
              -107.9105691,
              37.9458813
            ],
            [
              -107.9105694,
              37.9458805
            ],
            [
              -107.9105697,
              37.9458796
            ],
            [
              -107.9105699,
              37.9458788
            ],
            [
              -107.9105702,
              37.945878
            ],
            [
              -107.9105705,
              37.9458771
            ],
            [
              -107.9105708,
              37.9458763
            ],
            [
              -107.910571,
              37.9458754
            ],
            [
              -107.9105713,
              37.9458746
            ],
            [
              -107.9105716,
              37.9458738
            ],
            [
              -107.9105716,
              37.9458738
            ],
            [
              -107.9105774,
              37.9458747
            ],
            [
              -107.9105832,
              37.9458756
            ],
            [
              -107.9105891,
              37.9458765
            ],
            [
              -107.9105949,
              37.9458774
            ],
            [
              -107.9106007,
              37.9458783
            ],
            [
              -107.9106065,
              37.9458792
            ],
            [
              -107.9106124,
              37.9458801
            ],
            [
              -107.9106182,
              37.945881
            ],
            [
              -107.910624,
              37.9458819
            ],
            [
              -107.9106298,
              37.9458828
            ],
            [
              -107.9106357,
              37.9458837
            ],
            [
              -107.9106415,
              37.9458846
            ],
            [
              -107.9106415,
              37.9458846
            ],
            [
              -107.910641,
              37.9458858
            ],
            [
              -107.9106406,
              37.945887
            ],
            [
              -107.9106401,
              37.9458882
            ],
            [
              -107.9106397,
              37.9458894
            ],
            [
              -107.9106392,
              37.9458906
            ],
            [
              -107.9106388,
              37.9458918
            ],
            [
              -107.9106383,
              37.945893
            ],
            [
              -107.9106379,
              37.9458942
            ],
            [
              -107.9106374,
              37.9458954
            ],
            [
              -107.910637,
              37.9458965
            ],
            [
              -107.9106365,
              37.9458977
            ],
            [
              -107.9106361,
              37.9458989
            ],
            [
              -107.9106361,
              37.9458989
            ],
            [
              -107.9106422,
              37.9458998
            ],
            [
              -107.9106482,
              37.9459007
            ],
            [
              -107.9106543,
              37.9459016
            ],
            [
              -107.9106603,
              37.9459025
            ],
            [
              -107.9106664,
              37.9459034
            ],
            [
              -107.9106724,
              37.9459043
            ],
            [
              -107.9106785,
              37.9459051
            ],
            [
              -107.9106845,
              37.945906
            ],
            [
              -107.9106906,
              37.9459069
            ],
            [
              -107.9106966,
              37.9459078
            ],
            [
              -107.9107027,
              37.9459087
            ],
            [
              -107.9107087,
              37.9459096
            ]
          ]
        ]
      }
    },
    {
      "type": "Feature",
      "properties": {
        "id": "ilium-housing-b09-massing",
        "project_id": "ilium-housing",
        "name": "Ilium Housing \u2014 B09 (duplex, 2 units)",
        "status": "Under Review",
        "project_type": "Housing",
        "height_ft": 25,
        "height_m": 7.62,
        "base_m": 0,
        "floors": 2,
        "sqft": 2000,
        "hotel_rooms": null,
        "housing_units": 5,
        "source_confidence": "Estimated",
        "source_note": "Ilium Housing Development \u2014 49 deed-restricted for-sale townhomes total (Site 2 + Site 3), 132 bedrooms, Shavano 3-bed (1,216 SF) and Antero 2-bed (1,204 SF) unit types, factory-built. Each traced polygon represents one townhome building (typically a 4\u20135 attached unit row, not a duplex/triplex as previously labeled). 2-story residential, ~25 ft ridge. Source: Town of Mountain Village BOCC worksession slide, May 2026.",
        "deep_dive_url": "",
        "primary_source_url": "https://www.sanmiguelcountyco.gov/",
        "last_updated": "2026-05-15"
      },
      "geometry": {
        "type": "Polygon",
        "coordinates": [
          [
            [
              -107.9104569,
              37.9458584
            ],
            [
              -107.9104575,
              37.9458558
            ],
            [
              -107.9104593,
              37.9458487
            ],
            [
              -107.9104619,
              37.945838
            ],
            [
              -107.9104653,
              37.9458246
            ],
            [
              -107.910469,
              37.9458094
            ],
            [
              -107.9104729,
              37.9457932
            ],
            [
              -107.9104768,
              37.9457771
            ],
            [
              -107.9104804,
              37.9457618
            ],
            [
              -107.9104834,
              37.9457484
            ],
            [
              -107.9104857,
              37.9457377
            ],
            [
              -107.9104871,
              37.9457305
            ],
            [
              -107.9104872,
              37.9457279
            ],
            [
              -107.9104872,
              37.9457279
            ],
            [
              -107.9104852,
              37.9457277
            ],
            [
              -107.910481,
              37.9457272
            ],
            [
              -107.9104748,
              37.9457264
            ],
            [
              -107.9104673,
              37.9457254
            ],
            [
              -107.9104589,
              37.9457243
            ],
            [
              -107.9104501,
              37.9457231
            ],
            [
              -107.9104413,
              37.9457219
            ],
            [
              -107.910433,
              37.9457208
            ],
            [
              -107.9104258,
              37.9457198
            ],
            [
              -107.91042,
              37.9457191
            ],
            [
              -107.9104162,
              37.9457185
            ],
            [
              -107.9104148,
              37.9457184
            ],
            [
              -107.9104148,
              37.9457184
            ],
            [
              -107.9104145,
              37.9457193
            ],
            [
              -107.9104142,
              37.9457202
            ],
            [
              -107.910414,
              37.9457211
            ],
            [
              -107.9104137,
              37.9457221
            ],
            [
              -107.9104134,
              37.945723
            ],
            [
              -107.9104132,
              37.9457239
            ],
            [
              -107.9104129,
              37.9457248
            ],
            [
              -107.9104126,
              37.9457258
            ],
            [
              -107.9104123,
              37.9457267
            ],
            [
              -107.9104121,
              37.9457276
            ],
            [
              -107.9104118,
              37.9457286
            ],
            [
              -107.9104115,
              37.9457295
            ],
            [
              -107.9104115,
              37.9457295
            ],
            [
              -107.9104056,
              37.9457286
            ],
            [
              -107.9103997,
              37.9457277
            ],
            [
              -107.9103939,
              37.9457268
            ],
            [
              -107.910388,
              37.9457259
            ],
            [
              -107.9103821,
              37.9457251
            ],
            [
              -107.9103762,
              37.9457242
            ],
            [
              -107.9103703,
              37.9457233
            ],
            [
              -107.9103644,
              37.9457224
            ],
            [
              -107.9103585,
              37.9457215
            ],
            [
              -107.9103526,
              37.9457206
            ],
            [
              -107.9103468,
              37.9457197
            ],
            [
              -107.9103409,
              37.9457188
            ],
            [
              -107.9103409,
              37.9457188
            ],
            [
              -107.910341,
              37.9457179
            ],
            [
              -107.9103412,
              37.945717
            ],
            [
              -107.9103414,
              37.9457161
            ],
            [
              -107.9103416,
              37.9457152
            ],
            [
              -107.9103418,
              37.9457143
            ],
            [
              -107.9103419,
              37.9457134
            ],
            [
              -107.9103421,
              37.9457125
            ],
            [
              -107.9103423,
              37.9457116
            ],
            [
              -107.9103425,
              37.9457107
            ],
            [
              -107.9103427,
              37.9457098
            ],
            [
              -107.9103428,
              37.9457089
            ],
            [
              -107.910343,
              37.945708
            ],
            [
              -107.910343,
              37.945708
            ],
            [
              -107.9103373,
              37.9457073
            ],
            [
              -107.9103315,
              37.9457065
            ],
            [
              -107.9103257,
              37.9457058
            ],
            [
              -107.91032,
              37.945705
            ],
            [
              -107.9103142,
              37.9457043
            ],
            [
              -107.9103085,
              37.9457035
            ],
            [
              -107.9103027,
              37.9457028
            ],
            [
              -107.910297,
              37.945702
            ],
            [
              -107.9102912,
              37.9457013
            ],
            [
              -107.9102854,
              37.9457005
            ],
            [
              -107.9102797,
              37.9456998
            ],
            [
              -107.9102739,
              37.945699
            ],
            [
              -107.9102739,
              37.945699
            ],
            [
              -107.9102712,
              37.9457104
            ],
            [
              -107.9102685,
              37.9457217
            ],
            [
              -107.9102658,
              37.9457331
            ],
            [
              -107.9102631,
              37.9457445
            ],
            [
              -107.9102604,
              37.9457558
            ],
            [
              -107.9102577,
              37.9457672
            ],
            [
              -107.910255,
              37.9457785
            ],
            [
              -107.9102523,
              37.9457899
            ],
            [
              -107.9102496,
              37.9458013
            ],
            [
              -107.9102469,
              37.9458126
            ],
            [
              -107.9102442,
              37.945824
            ],
            [
              -107.9102415,
              37.9458353
            ],
            [
              -107.9102415,
              37.9458353
            ],
            [
              -107.9102476,
              37.9458358
            ],
            [
              -107.9102537,
              37.9458363
            ],
            [
              -107.9102597,
              37.9458368
            ],
            [
              -107.9102658,
              37.9458373
            ],
            [
              -107.9102719,
              37.9458378
            ],
            [
              -107.9102779,
              37.9458382
            ],
            [
              -107.910284,
              37.9458387
            ],
            [
              -107.9102901,
              37.9458392
            ],
            [
              -107.9102961,
              37.9458397
            ],
            [
              -107.9103022,
              37.9458402
            ],
            [
              -107.9103082,
              37.9458407
            ],
            [
              -107.9103143,
              37.9458412
            ],
            [
              -107.9103143,
              37.9458412
            ],
            [
              -107.9103145,
              37.9458403
            ],
            [
              -107.9103147,
              37.9458395
            ],
            [
              -107.9103149,
              37.9458386
            ],
            [
              -107.9103151,
              37.9458378
            ],
            [
              -107.9103153,
              37.9458369
            ],
            [
              -107.9103155,
              37.9458361
            ],
            [
              -107.9103157,
              37.9458352
            ],
            [
              -107.9103159,
              37.9458344
            ],
            [
              -107.9103161,
              37.9458335
            ],
            [
              -107.9103162,
              37.9458327
            ],
            [
              -107.9103164,
              37.9458318
            ],
            [
              -107.9103166,
              37.945831
            ],
            [
              -107.9103166,
              37.945831
            ],
            [
              -107.9103225,
              37.9458315
            ],
            [
              -107.9103284,
              37.945832
            ],
            [
              -107.9103343,
              37.9458326
            ],
            [
              -107.9103402,
              37.9458331
            ],
            [
              -107.9103461,
              37.9458337
            ],
            [
              -107.910352,
              37.9458342
            ],
            [
              -107.9103579,
              37.9458348
            ],
            [
              -107.9103638,
              37.9458353
            ],
            [
              -107.9103697,
              37.9458359
            ],
            [
              -107.9103756,
              37.9458364
            ],
            [
              -107.9103815,
              37.945837
            ],
            [
              -107.9103874,
              37.9458375
            ],
            [
              -107.9103874,
              37.9458375
            ],
            [
              -107.910387,
              37.9458387
            ],
            [
              -107.9103867,
              37.94584
            ],
            [
              -107.9103864,
              37.9458412
            ],
            [
              -107.910386,
              37.9458424
            ],
            [
              -107.9103857,
              37.9458436
            ],
            [
              -107.9103854,
              37.9458448
            ],
            [
              -107.910385,
              37.945846
            ],
            [
              -107.9103847,
              37.9458472
            ],
            [
              -107.9103844,
              37.9458485
            ],
            [
              -107.9103841,
              37.9458497
            ],
            [
              -107.9103837,
              37.9458509
            ],
            [
              -107.9103834,
              37.9458521
            ],
            [
              -107.9103834,
              37.9458521
            ],
            [
              -107.9103895,
              37.9458526
            ],
            [
              -107.9103956,
              37.9458531
            ],
            [
              -107.9104018,
              37.9458537
            ],
            [
              -107.9104079,
              37.9458542
            ],
            [
              -107.910414,
              37.9458547
            ],
            [
              -107.9104201,
              37.9458552
            ],
            [
              -107.9104262,
              37.9458557
            ],
            [
              -107.9104324,
              37.9458563
            ],
            [
              -107.9104385,
              37.9458568
            ],
            [
              -107.9104446,
              37.9458573
            ],
            [
              -107.9104507,
              37.9458578
            ],
            [
              -107.9104568,
              37.9458583
            ],
            [
              -107.9104569,
              37.9458584
            ]
          ]
        ]
      }
    },
    {
      "type": "Feature",
      "properties": {
        "id": "ilium-housing-b10-massing",
        "project_id": "ilium-housing",
        "name": "Ilium Housing \u2014 B10 (duplex, 2 units)",
        "status": "Under Review",
        "project_type": "Housing",
        "height_ft": 25,
        "height_m": 7.62,
        "base_m": 0,
        "floors": 2,
        "sqft": 2000,
        "hotel_rooms": null,
        "housing_units": 5,
        "source_confidence": "Estimated",
        "source_note": "Ilium Housing Development \u2014 49 deed-restricted for-sale townhomes total (Site 2 + Site 3), 132 bedrooms, Shavano 3-bed (1,216 SF) and Antero 2-bed (1,204 SF) unit types, factory-built. Each traced polygon represents one townhome building (typically a 4\u20135 attached unit row, not a duplex/triplex as previously labeled). 2-story residential, ~25 ft ridge. Source: Town of Mountain Village BOCC worksession slide, May 2026.",
        "deep_dive_url": "",
        "primary_source_url": "https://www.sanmiguelcountyco.gov/",
        "last_updated": "2026-05-15"
      },
      "geometry": {
        "type": "Polygon",
        "coordinates": [
          [
            [
              -107.9102023,
              37.9458181
            ],
            [
              -107.9102027,
              37.9458156
            ],
            [
              -107.910204,
              37.9458084
            ],
            [
              -107.9102059,
              37.9457976
            ],
            [
              -107.9102083,
              37.9457841
            ],
            [
              -107.910211,
              37.9457687
            ],
            [
              -107.9102139,
              37.9457524
            ],
            [
              -107.9102166,
              37.9457361
            ],
            [
              -107.9102192,
              37.9457208
            ],
            [
              -107.9102213,
              37.9457072
            ],
            [
              -107.9102229,
              37.9456964
            ],
            [
              -107.9102238,
              37.9456892
            ],
            [
              -107.9102237,
              37.9456866
            ],
            [
              -107.9102237,
              37.9456866
            ],
            [
              -107.9102218,
              37.9456865
            ],
            [
              -107.9102175,
              37.9456861
            ],
            [
              -107.9102113,
              37.9456856
            ],
            [
              -107.9102037,
              37.9456849
            ],
            [
              -107.9101953,
              37.9456842
            ],
            [
              -107.9101864,
              37.9456834
            ],
            [
              -107.9101775,
              37.9456826
            ],
            [
              -107.9101692,
              37.9456818
            ],
            [
              -107.9101618,
              37.9456811
            ],
            [
              -107.910156,
              37.9456806
            ],
            [
              -107.9101522,
              37.9456803
            ],
            [
              -107.9101508,
              37.9456801
            ],
            [
              -107.9101508,
              37.9456801
            ],
            [
              -107.9101506,
              37.9456811
            ],
            [
              -107.9101504,
              37.945682
            ],
            [
              -107.9101502,
              37.945683
            ],
            [
              -107.9101499,
              37.9456839
            ],
            [
              -107.9101497,
              37.9456848
            ],
            [
              -107.9101495,
              37.9456858
            ],
            [
              -107.9101493,
              37.9456867
            ],
            [
              -107.9101491,
              37.9456876
            ],
            [
              -107.9101489,
              37.9456886
            ],
            [
              -107.9101487,
              37.9456895
            ],
            [
              -107.9101485,
              37.9456905
            ],
            [
              -107.9101483,
              37.9456914
            ],
            [
              -107.9101483,
              37.9456914
            ],
            [
              -107.9101423,
              37.9456908
            ],
            [
              -107.9101364,
              37.9456901
            ],
            [
              -107.9101304,
              37.9456895
            ],
            [
              -107.9101245,
              37.9456889
            ],
            [
              -107.9101186,
              37.9456882
            ],
            [
              -107.9101126,
              37.9456876
            ],
            [
              -107.9101067,
              37.945687
            ],
            [
              -107.9101008,
              37.9456863
            ],
            [
              -107.9100948,
              37.9456857
            ],
            [
              -107.9100889,
              37.9456851
            ],
            [
              -107.9100829,
              37.9456844
            ],
            [
              -107.910077,
              37.9456838
            ],
            [
              -107.910077,
              37.9456838
            ],
            [
              -107.9100771,
              37.9456829
            ],
            [
              -107.9100772,
              37.945682
            ],
            [
              -107.9100774,
              37.9456811
            ],
            [
              -107.9100775,
              37.9456802
            ],
            [
              -107.9100776,
              37.9456793
            ],
            [
              -107.9100777,
              37.9456784
            ],
            [
              -107.9100778,
              37.9456774
            ],
            [
              -107.910078,
              37.9456765
            ],
            [
              -107.9100781,
              37.9456756
            ],
            [
              -107.9100782,
              37.9456747
            ],
            [
              -107.9100783,
              37.9456738
            ],
            [
              -107.9100784,
              37.9456729
            ],
            [
              -107.9100784,
              37.9456729
            ],
            [
              -107.9100726,
              37.9456724
            ],
            [
              -107.9100668,
              37.9456719
            ],
            [
              -107.910061,
              37.9456714
            ],
            [
              -107.9100552,
              37.9456709
            ],
            [
              -107.9100494,
              37.9456704
            ],
            [
              -107.9100436,
              37.9456699
            ],
            [
              -107.9100378,
              37.9456694
            ],
            [
              -107.910032,
              37.9456689
            ],
            [
              -107.9100262,
              37.9456684
            ],
            [
              -107.9100204,
              37.9456679
            ],
            [
              -107.9100146,
              37.9456674
            ],
            [
              -107.9100088,
              37.9456669
            ],
            [
              -107.9100088,
              37.9456669
            ],
            [
              -107.9100069,
              37.9456783
            ],
            [
              -107.910005,
              37.9456898
            ],
            [
              -107.9100031,
              37.9457012
            ],
            [
              -107.9100011,
              37.9457127
            ],
            [
              -107.9099992,
              37.9457241
            ],
            [
              -107.9099973,
              37.9457356
            ],
            [
              -107.9099954,
              37.9457471
            ],
            [
              -107.9099934,
              37.9457585
            ],
            [
              -107.9099915,
              37.94577
            ],
            [
              -107.9099896,
              37.9457814
            ],
            [
              -107.9099877,
              37.9457929
            ],
            [
              -107.9099857,
              37.9458043
            ],
            [
              -107.9099857,
              37.9458043
            ],
            [
              -107.9099918,
              37.9458046
            ],
            [
              -107.9099979,
              37.9458048
            ],
            [
              -107.910004,
              37.945805
            ],
            [
              -107.9100101,
              37.9458052
            ],
            [
              -107.9100162,
              37.9458055
            ],
            [
              -107.9100223,
              37.9458057
            ],
            [
              -107.9100284,
              37.9458059
            ],
            [
              -107.9100344,
              37.9458062
            ],
            [
              -107.9100405,
              37.9458064
            ],
            [
              -107.9100466,
              37.9458066
            ],
            [
              -107.9100527,
              37.9458069
            ],
            [
              -107.9100588,
              37.9458071
            ],
            [
              -107.9100588,
              37.9458071
            ],
            [
              -107.9100589,
              37.9458062
            ],
            [
              -107.9100591,
              37.9458054
            ],
            [
              -107.9100592,
              37.9458045
            ],
            [
              -107.9100594,
              37.9458037
            ],
            [
              -107.9100595,
              37.9458028
            ],
            [
              -107.9100596,
              37.9458019
            ],
            [
              -107.9100598,
              37.9458011
            ],
            [
              -107.9100599,
              37.9458002
            ],
            [
              -107.91006,
              37.9457994
            ],
            [
              -107.9100602,
              37.9457985
            ],
            [
              -107.9100603,
              37.9457976
            ],
            [
              -107.9100604,
              37.9457968
            ],
            [
              -107.9100604,
              37.9457968
            ],
            [
              -107.9100664,
              37.9457971
            ],
            [
              -107.9100723,
              37.9457974
            ],
            [
              -107.9100782,
              37.9457977
            ],
            [
              -107.9100841,
              37.945798
            ],
            [
              -107.9100901,
              37.9457983
            ],
            [
              -107.910096,
              37.9457986
            ],
            [
              -107.9101019,
              37.9457989
            ],
            [
              -107.9101078,
              37.9457992
            ],
            [
              -107.9101137,
              37.9457995
            ],
            [
              -107.9101197,
              37.9457998
            ],
            [
              -107.9101256,
              37.9458001
            ],
            [
              -107.9101315,
              37.9458004
            ],
            [
              -107.9101315,
              37.9458004
            ],
            [
              -107.9101313,
              37.9458016
            ],
            [
              -107.910131,
              37.9458028
            ],
            [
              -107.9101308,
              37.945804
            ],
            [
              -107.9101305,
              37.9458053
            ],
            [
              -107.9101303,
              37.9458065
            ],
            [
              -107.91013,
              37.9458077
            ],
            [
              -107.9101298,
              37.9458089
            ],
            [
              -107.9101295,
              37.9458102
            ],
            [
              -107.9101293,
              37.9458114
            ],
            [
              -107.910129,
              37.9458126
            ],
            [
              -107.9101288,
              37.9458139
            ],
            [
              -107.9101285,
              37.9458151
            ],
            [
              -107.9101285,
              37.9458151
            ],
            [
              -107.9101347,
              37.9458153
            ],
            [
              -107.9101408,
              37.9458156
            ],
            [
              -107.910147,
              37.9458159
            ],
            [
              -107.9101531,
              37.9458161
            ],
            [
              -107.9101593,
              37.9458164
            ],
            [
              -107.9101654,
              37.9458166
            ],
            [
              -107.9101716,
              37.9458169
            ],
            [
              -107.9101777,
              37.9458171
            ],
            [
              -107.9101839,
              37.9458174
            ],
            [
              -107.91019,
              37.9458177
            ],
            [
              -107.9101961,
              37.9458179
            ],
            [
              -107.9102023,
              37.9458182
            ],
            [
              -107.9102023,
              37.9458181
            ]
          ]
        ]
      }
    },
    {
      "type": "Feature",
      "properties": {
        "id": "four-seasons-mountain-village-main-tower-massing",
        "project_id": "four-seasons-mountain-village",
        "name": "Four Seasons \u2014 Main Tower (Hotel + Residences)",
        "status": "Approved",
        "project_type": "Hotel / Lodging",
        "height_ft": 77,
        "height_m": 23.47,
        "base_m": 0,
        "floors": 7,
        "sqft": 175000,
        "hotel_rooms": 52,
        "housing_units": 10,
        "source_confidence": "Estimated",
        "source_note": "Main hotel block \u2014 7 stories per developer correction (~11 ft/story). Traced from Four Seasons site plan SVG at 0.15 m/SVG-unit; anchored at the circular plaza.",
        "deep_dive_url": "",
        "primary_source_url": "https://townofmountainvillage.com/",
        "last_updated": "2026-05-15"
      },
      "geometry": {
        "type": "Polygon",
        "coordinates": [
          [
            [
              -107.8456361,
              37.9375334
            ],
            [
              -107.8456318,
              37.9375272
            ],
            [
              -107.8456231,
              37.9375111
            ],
            [
              -107.8456108,
              37.9374867
            ],
            [
              -107.8455955,
              37.9374555
            ],
            [
              -107.8455782,
              37.9374195
            ],
            [
              -107.8455594,
              37.9373801
            ],
            [
              -107.84554,
              37.937339
            ],
            [
              -107.8455207,
              37.9372981
            ],
            [
              -107.8455023,
              37.9372588
            ],
            [
              -107.8454856,
              37.9372229
            ],
            [
              -107.8454713,
              37.9371921
            ],
            [
              -107.8454601,
              37.937168
            ],
            [
              -107.8454528,
              37.9371523
            ],
            [
              -107.8454502,
              37.9371467
            ],
            [
              -107.8454502,
              37.9371467
            ],
            [
              -107.8454549,
              37.9371276
            ],
            [
              -107.8454595,
              37.9371084
            ],
            [
              -107.8454642,
              37.9370893
            ],
            [
              -107.8454688,
              37.9370702
            ],
            [
              -107.8454735,
              37.9370511
            ],
            [
              -107.8454781,
              37.9370319
            ],
            [
              -107.8454828,
              37.9370128
            ],
            [
              -107.8454874,
              37.9369937
            ],
            [
              -107.8454921,
              37.9369745
            ],
            [
              -107.8454967,
              37.9369554
            ],
            [
              -107.8455014,
              37.9369363
            ],
            [
              -107.845506,
              37.9369171
            ],
            [
              -107.8455107,
              37.936898
            ],
            [
              -107.8455153,
              37.9368789
            ],
            [
              -107.8455153,
              37.9368789
            ],
            [
              -107.8455128,
              37.9368786
            ],
            [
              -107.8455102,
              37.9368782
            ],
            [
              -107.8455076,
              37.9368779
            ],
            [
              -107.8455051,
              37.9368776
            ],
            [
              -107.8455025,
              37.9368772
            ],
            [
              -107.8455,
              37.9368769
            ],
            [
              -107.8454974,
              37.9368766
            ],
            [
              -107.8454949,
              37.9368762
            ],
            [
              -107.8454923,
              37.9368759
            ],
            [
              -107.8454897,
              37.9368755
            ],
            [
              -107.8454872,
              37.9368752
            ],
            [
              -107.8454846,
              37.9368749
            ],
            [
              -107.8454821,
              37.9368745
            ],
            [
              -107.8454795,
              37.9368742
            ],
            [
              -107.8454795,
              37.9368742
            ],
            [
              -107.845472,
              37.9368734
            ],
            [
              -107.8454644,
              37.9368727
            ],
            [
              -107.8454568,
              37.9368719
            ],
            [
              -107.8454493,
              37.9368712
            ],
            [
              -107.8454417,
              37.9368704
            ],
            [
              -107.8454341,
              37.9368696
            ],
            [
              -107.8454266,
              37.9368689
            ],
            [
              -107.845419,
              37.9368681
            ],
            [
              -107.8454115,
              37.9368673
            ],
            [
              -107.8454039,
              37.9368666
            ],
            [
              -107.8453963,
              37.9368658
            ],
            [
              -107.8453888,
              37.936865
            ],
            [
              -107.8453812,
              37.9368643
            ],
            [
              -107.8453737,
              37.9368635
            ],
            [
              -107.8453737,
              37.9368635
            ],
            [
              -107.8453727,
              37.9368687
            ],
            [
              -107.8453718,
              37.936874
            ],
            [
              -107.8453709,
              37.9368792
            ],
            [
              -107.84537,
              37.9368844
            ],
            [
              -107.845369,
              37.9368896
            ],
            [
              -107.8453681,
              37.9368949
            ],
            [
              -107.8453672,
              37.9369001
            ],
            [
              -107.8453663,
              37.9369053
            ],
            [
              -107.8453653,
              37.9369105
            ],
            [
              -107.8453644,
              37.9369158
            ],
            [
              -107.8453635,
              37.936921
            ],
            [
              -107.8453626,
              37.9369262
            ],
            [
              -107.8453616,
              37.9369314
            ],
            [
              -107.8453607,
              37.9369366
            ],
            [
              -107.8453607,
              37.9369366
            ],
            [
              -107.8453622,
              37.936937
            ],
            [
              -107.8453637,
              37.9369373
            ],
            [
              -107.8453652,
              37.9369377
            ],
            [
              -107.8453667,
              37.9369381
            ],
            [
              -107.8453681,
              37.9369384
            ],
            [
              -107.8453696,
              37.9369388
            ],
            [
              -107.8453711,
              37.9369391
            ],
            [
              -107.8453726,
              37.9369395
            ],
            [
              -107.8453741,
              37.9369398
            ],
            [
              -107.8453756,
              37.9369402
            ],
            [
              -107.8453771,
              37.9369405
            ],
            [
              -107.8453786,
              37.9369409
            ],
            [
              -107.8453801,
              37.9369412
            ],
            [
              -107.8453815,
              37.9369416
            ],
            [
              -107.8453815,
              37.9369416
            ],
            [
              -107.8453782,
              37.9369554
            ],
            [
              -107.8453748,
              37.9369692
            ],
            [
              -107.8453714,
              37.936983
            ],
            [
              -107.845368,
              37.9369968
            ],
            [
              -107.8453647,
              37.9370106
            ],
            [
              -107.8453613,
              37.9370244
            ],
            [
              -107.8453579,
              37.9370382
            ],
            [
              -107.8453546,
              37.937052
            ],
            [
              -107.8453512,
              37.9370658
            ],
            [
              -107.8453478,
              37.9370796
            ],
            [
              -107.8453444,
              37.9370935
            ],
            [
              -107.8453411,
              37.9371073
            ],
            [
              -107.8453377,
              37.9371211
            ],
            [
              -107.8453343,
              37.9371349
            ],
            [
              -107.8453343,
              37.9371349
            ],
            [
              -107.8453357,
              37.9371355
            ],
            [
              -107.8453371,
              37.9371362
            ],
            [
              -107.8453385,
              37.9371368
            ],
            [
              -107.8453399,
              37.9371375
            ],
            [
              -107.8453413,
              37.9371382
            ],
            [
              -107.8453427,
              37.9371388
            ],
            [
              -107.8453441,
              37.9371395
            ],
            [
              -107.8453455,
              37.9371401
            ],
            [
              -107.8453469,
              37.9371408
            ],
            [
              -107.8453483,
              37.9371414
            ],
            [
              -107.8453497,
              37.9371421
            ],
            [
              -107.8453511,
              37.9371427
            ],
            [
              -107.8453525,
              37.9371434
            ],
            [
              -107.8453539,
              37.937144
            ],
            [
              -107.8453539,
              37.937144
            ],
            [
              -107.8453536,
              37.9371452
            ],
            [
              -107.8453532,
              37.9371463
            ],
            [
              -107.8453529,
              37.9371475
            ],
            [
              -107.8453525,
              37.9371486
            ],
            [
              -107.8453521,
              37.9371498
            ],
            [
              -107.8453518,
              37.9371509
            ],
            [
              -107.8453514,
              37.9371521
            ],
            [
              -107.8453511,
              37.9371532
            ],
            [
              -107.8453507,
              37.9371544
            ],
            [
              -107.8453503,
              37.9371555
            ],
            [
              -107.84535,
              37.9371566
            ],
            [
              -107.8453496,
              37.9371578
            ],
            [
              -107.8453492,
              37.9371589
            ],
            [
              -107.8453489,
              37.9371601
            ],
            [
              -107.8453489,
              37.9371601
            ],
            [
              -107.8453497,
              37.9371611
            ],
            [
              -107.8453506,
              37.9371622
            ],
            [
              -107.8453514,
              37.9371632
            ],
            [
              -107.8453523,
              37.9371643
            ],
            [
              -107.8453531,
              37.9371653
            ],
            [
              -107.8453539,
              37.9371664
            ],
            [
              -107.8453548,
              37.9371674
            ],
            [
              -107.8453556,
              37.9371685
            ],
            [
              -107.8453565,
              37.9371695
            ],
            [
              -107.8453573,
              37.9371706
            ],
            [
              -107.8453582,
              37.9371717
            ],
            [
              -107.845359,
              37.9371727
            ],
            [
              -107.8453599,
              37.9371738
            ],
            [
              -107.8453607,
              37.9371748
            ],
            [
              -107.8453607,
              37.9371748
            ],
            [
              -107.8453592,
              37.9371752
            ],
            [
              -107.8453577,
              37.9371756
            ],
            [
              -107.8453562,
              37.937176
            ],
            [
              -107.8453547,
              37.9371763
            ],
            [
              -107.8453532,
              37.9371767
            ],
            [
              -107.8453517,
              37.9371771
            ],
            [
              -107.8453502,
              37.9371775
            ],
            [
              -107.8453486,
              37.9371779
            ],
            [
              -107.8453471,
              37.9371782
            ],
            [
              -107.8453456,
              37.9371786
            ],
            [
              -107.8453441,
              37.937179
            ],
            [
              -107.8453426,
              37.9371794
            ],
            [
              -107.8453411,
              37.9371798
            ],
            [
              -107.8453396,
              37.9371802
            ],
            [
              -107.8453396,
              37.9371802
            ],
            [
              -107.8453515,
              37.9372077
            ],
            [
              -107.8453635,
              37.9372352
            ],
            [
              -107.8453754,
              37.9372627
            ],
            [
              -107.8453874,
              37.9372902
            ],
            [
              -107.8453993,
              37.9373178
            ],
            [
              -107.8454113,
              37.9373453
            ],
            [
              -107.8454232,
              37.9373728
            ],
            [
              -107.8454352,
              37.9374003
            ],
            [
              -107.8454471,
              37.9374279
            ],
            [
              -107.845459,
              37.9374554
            ],
            [
              -107.845471,
              37.9374829
            ],
            [
              -107.8454829,
              37.9375104
            ],
            [
              -107.8454949,
              37.937538
            ],
            [
              -107.8455068,
              37.9375655
            ],
            [
              -107.8455068,
              37.9375655
            ],
            [
              -107.8455161,
              37.9375632
            ],
            [
              -107.8455253,
              37.9375609
            ],
            [
              -107.8455345,
              37.9375586
            ],
            [
              -107.8455437,
              37.9375563
            ],
            [
              -107.845553,
              37.937554
            ],
            [
              -107.8455622,
              37.9375517
            ],
            [
              -107.8455714,
              37.9375494
            ],
            [
              -107.8455807,
              37.9375471
            ],
            [
              -107.8455899,
              37.9375448
            ],
            [
              -107.8455991,
              37.9375425
            ],
            [
              -107.8456084,
              37.9375403
            ],
            [
              -107.8456176,
              37.937538
            ],
            [
              -107.8456268,
              37.9375357
            ],
            [
              -107.8456361,
              37.9375334
            ]
          ]
        ]
      }
    },
    {
      "type": "Feature",
      "properties": {
        "id": "four-seasons-mountain-village-east-wing-massing",
        "project_id": "four-seasons-mountain-village",
        "name": "Four Seasons \u2014 East Wing",
        "status": "Approved",
        "project_type": "Hotel / Lodging",
        "height_ft": 121,
        "height_m": 36.88,
        "base_m": 0,
        "floors": 11,
        "sqft": 14000,
        "hotel_rooms": null,
        "housing_units": null,
        "source_confidence": "Estimated",
        "source_note": "Northeast tower \u2014 tallest at 11 stories (~11 ft/story). Traced from Four Seasons site plan SVG at 0.15 m/SVG-unit; anchored at the circular plaza.",
        "deep_dive_url": "",
        "primary_source_url": "https://townofmountainvillage.com/",
        "last_updated": "2026-05-15"
      },
      "geometry": {
        "type": "Polygon",
        "coordinates": [
          [
            [
              -107.8451563,
              37.9371935
            ],
            [
              -107.8451912,
              37.9370504
            ],
            [
              -107.8450549,
              37.9370299
            ],
            [
              -107.8450206,
              37.9371739
            ],
            [
              -107.8451563,
              37.9371935
            ]
          ]
        ]
      }
    },
    {
      "type": "Feature",
      "properties": {
        "id": "four-seasons-mountain-village-north-pavilion-massing",
        "project_id": "four-seasons-mountain-village",
        "name": "Four Seasons \u2014 North Pavilion",
        "status": "Approved",
        "project_type": "Hotel / Lodging",
        "height_ft": 35,
        "height_m": 10.67,
        "base_m": 0,
        "floors": 3,
        "sqft": 6500,
        "hotel_rooms": null,
        "housing_units": null,
        "source_confidence": "Estimated",
        "source_note": "Lobby/restaurant pavilion north of the main tower. Traced from Four Seasons site plan SVG at 0.15 m/SVG-unit; anchored at the circular plaza (37.936943\u00b0, -107.846134\u00b0). Floor count corroborated from Levels 4\u201311 + Penthouse in 'FOUR-SEASONS-TELLURIDE_Floor-Plans_Hotel-Units.pdf'.",
        "deep_dive_url": "",
        "primary_source_url": "https://townofmountainvillage.com/",
        "last_updated": "2026-05-15"
      },
      "geometry": {
        "type": "Polygon",
        "coordinates": [
          [
            [
              -107.8452267,
              37.9370702
            ],
            [
              -107.8452264,
              37.9370715
            ],
            [
              -107.845226,
              37.9370729
            ],
            [
              -107.8452257,
              37.9370742
            ],
            [
              -107.8452254,
              37.9370756
            ],
            [
              -107.8452251,
              37.937077
            ],
            [
              -107.8452248,
              37.9370783
            ],
            [
              -107.8452244,
              37.9370797
            ],
            [
              -107.8452241,
              37.937081
            ],
            [
              -107.8452238,
              37.9370824
            ],
            [
              -107.8452235,
              37.9370837
            ],
            [
              -107.8452232,
              37.9370851
            ],
            [
              -107.8452228,
              37.9370865
            ],
            [
              -107.8452225,
              37.9370878
            ],
            [
              -107.8452222,
              37.9370892
            ],
            [
              -107.8452222,
              37.9370892
            ],
            [
              -107.8452234,
              37.9370894
            ],
            [
              -107.8452268,
              37.9370901
            ],
            [
              -107.8452321,
              37.9370911
            ],
            [
              -107.8452388,
              37.9370924
            ],
            [
              -107.8452466,
              37.9370939
            ],
            [
              -107.8452552,
              37.9370956
            ],
            [
              -107.8452641,
              37.9370972
            ],
            [
              -107.8452731,
              37.9370988
            ],
            [
              -107.8452816,
              37.9371002
            ],
            [
              -107.8452895,
              37.9371015
            ],
            [
              -107.8452962,
              37.9371024
            ],
            [
              -107.8453014,
              37.9371029
            ],
            [
              -107.8453049,
              37.937103
            ],
            [
              -107.8453061,
              37.9371025
            ],
            [
              -107.8453061,
              37.9371025
            ],
            [
              -107.8453061,
              37.9371016
            ],
            [
              -107.8453062,
              37.9371005
            ],
            [
              -107.8453064,
              37.9370992
            ],
            [
              -107.8453066,
              37.9370977
            ],
            [
              -107.8453069,
              37.9370962
            ],
            [
              -107.8453072,
              37.9370946
            ],
            [
              -107.8453075,
              37.937093
            ],
            [
              -107.8453078,
              37.9370914
            ],
            [
              -107.8453081,
              37.93709
            ],
            [
              -107.8453083,
              37.9370887
            ],
            [
              -107.8453086,
              37.9370876
            ],
            [
              -107.8453087,
              37.9370868
            ],
            [
              -107.8453089,
              37.9370862
            ],
            [
              -107.8453089,
              37.937086
            ],
            [
              -107.8453089,
              37.937086
            ],
            [
              -107.8453115,
              37.9370864
            ],
            [
              -107.845314,
              37.9370868
            ],
            [
              -107.8453166,
              37.9370872
            ],
            [
              -107.8453192,
              37.9370876
            ],
            [
              -107.8453218,
              37.937088
            ],
            [
              -107.8453243,
              37.9370884
            ],
            [
              -107.8453269,
              37.9370888
            ],
            [
              -107.8453295,
              37.9370892
            ],
            [
              -107.845332,
              37.9370896
            ],
            [
              -107.8453346,
              37.93709
            ],
            [
              -107.8453372,
              37.9370904
            ],
            [
              -107.8453397,
              37.9370908
            ],
            [
              -107.8453423,
              37.9370912
            ],
            [
              -107.8453449,
              37.9370916
            ],
            [
              -107.8453449,
              37.9370916
            ],
            [
              -107.8453452,
              37.9370904
            ],
            [
              -107.8453455,
              37.9370893
            ],
            [
              -107.8453457,
              37.9370881
            ],
            [
              -107.845346,
              37.9370869
            ],
            [
              -107.8453463,
              37.9370858
            ],
            [
              -107.8453466,
              37.9370846
            ],
            [
              -107.8453469,
              37.9370835
            ],
            [
              -107.8453471,
              37.9370823
            ],
            [
              -107.8453474,
              37.9370812
            ],
            [
              -107.8453477,
              37.93708
            ],
            [
              -107.845348,
              37.9370789
            ],
            [
              -107.8453483,
              37.9370777
            ],
            [
              -107.8453485,
              37.9370766
            ],
            [
              -107.8453488,
              37.9370754
            ],
            [
              -107.8453488,
              37.9370754
            ],
            [
              -107.8453476,
              37.937075
            ],
            [
              -107.8453457,
              37.9370745
            ],
            [
              -107.8453432,
              37.937074
            ],
            [
              -107.8453403,
              37.9370734
            ],
            [
              -107.8453371,
              37.9370729
            ],
            [
              -107.8453337,
              37.9370723
            ],
            [
              -107.8453302,
              37.9370718
            ],
            [
              -107.8453268,
              37.9370713
            ],
            [
              -107.8453236,
              37.9370708
            ],
            [
              -107.8453206,
              37.9370704
            ],
            [
              -107.8453181,
              37.93707
            ],
            [
              -107.8453162,
              37.9370698
            ],
            [
              -107.845315,
              37.9370696
            ],
            [
              -107.8453145,
              37.9370695
            ],
            [
              -107.8453145,
              37.9370695
            ],
            [
              -107.8453153,
              37.9370667
            ],
            [
              -107.8453161,
              37.9370639
            ],
            [
              -107.8453169,
              37.937061
            ],
            [
              -107.8453177,
              37.9370582
            ],
            [
              -107.8453185,
              37.9370554
            ],
            [
              -107.8453193,
              37.9370525
            ],
            [
              -107.8453201,
              37.9370497
            ],
            [
              -107.845321,
              37.9370469
            ],
            [
              -107.8453218,
              37.937044
            ],
            [
              -107.8453226,
              37.9370412
            ],
            [
              -107.8453234,
              37.9370384
            ],
            [
              -107.8453242,
              37.9370355
            ],
            [
              -107.845325,
              37.9370327
            ],
            [
              -107.8453258,
              37.9370299
            ],
            [
              -107.8453258,
              37.9370299
            ],
            [
              -107.8453196,
              37.9370288
            ],
            [
              -107.8453135,
              37.9370278
            ],
            [
              -107.8453073,
              37.9370268
            ],
            [
              -107.8453012,
              37.9370258
            ],
            [
              -107.845295,
              37.9370248
            ],
            [
              -107.8452889,
              37.9370237
            ],
            [
              -107.8452827,
              37.9370227
            ],
            [
              -107.8452765,
              37.9370217
            ],
            [
              -107.8452704,
              37.9370207
            ],
            [
              -107.8452642,
              37.9370197
            ],
            [
              -107.8452581,
              37.9370186
            ],
            [
              -107.8452519,
              37.9370176
            ],
            [
              -107.8452458,
              37.9370166
            ],
            [
              -107.8452396,
              37.9370156
            ],
            [
              -107.8452396,
              37.9370156
            ],
            [
              -107.8452389,
              37.9370185
            ],
            [
              -107.8452382,
              37.9370215
            ],
            [
              -107.8452375,
              37.9370245
            ],
            [
              -107.8452368,
              37.9370274
            ],
            [
              -107.8452361,
              37.9370304
            ],
            [
              -107.8452354,
              37.9370334
            ],
            [
              -107.8452347,
              37.9370363
            ],
            [
              -107.845234,
              37.9370393
            ],
            [
              -107.8452333,
              37.9370423
            ],
            [
              -107.8452326,
              37.9370452
            ],
            [
              -107.8452319,
              37.9370482
            ],
            [
              -107.8452312,
              37.9370512
            ],
            [
              -107.8452305,
              37.9370541
            ],
            [
              -107.8452298,
              37.9370571
            ],
            [
              -107.8452298,
              37.9370571
            ],
            [
              -107.845227,
              37.9370566
            ],
            [
              -107.8452243,
              37.9370561
            ],
            [
              -107.8452215,
              37.9370557
            ],
            [
              -107.8452188,
              37.9370552
            ],
            [
              -107.845216,
              37.9370547
            ],
            [
              -107.8452132,
              37.9370542
            ],
            [
              -107.8452105,
              37.9370537
            ],
            [
              -107.8452077,
              37.9370533
            ],
            [
              -107.845205,
              37.9370528
            ],
            [
              -107.8452022,
              37.9370523
            ],
            [
              -107.8451995,
              37.9370518
            ],
            [
              -107.8451967,
              37.9370513
            ],
            [
              -107.845194,
              37.9370508
            ],
            [
              -107.8451912,
              37.9370504
            ],
            [
              -107.8451912,
              37.9370504
            ],
            [
              -107.8451909,
              37.9370515
            ],
            [
              -107.8451907,
              37.9370526
            ],
            [
              -107.8451904,
              37.9370537
            ],
            [
              -107.8451901,
              37.9370548
            ],
            [
              -107.8451899,
              37.9370559
            ],
            [
              -107.8451896,
              37.937057
            ],
            [
              -107.8451893,
              37.9370581
            ],
            [
              -107.845189,
              37.9370592
            ],
            [
              -107.8451888,
              37.9370603
            ],
            [
              -107.8451885,
              37.9370614
            ],
            [
              -107.8451882,
              37.9370625
            ],
            [
              -107.845188,
              37.9370636
            ],
            [
              -107.8451877,
              37.9370647
            ],
            [
              -107.8451874,
              37.9370658
            ],
            [
              -107.8451874,
              37.9370658
            ],
            [
              -107.8451902,
              37.9370661
            ],
            [
              -107.845193,
              37.9370664
            ],
            [
              -107.8451958,
              37.9370668
            ],
            [
              -107.8451986,
              37.9370671
            ],
            [
              -107.8452014,
              37.9370674
            ],
            [
              -107.8452042,
              37.9370677
            ],
            [
              -107.8452071,
              37.937068
            ],
            [
              -107.8452099,
              37.9370683
            ],
            [
              -107.8452127,
              37.9370686
            ],
            [
              -107.8452155,
              37.9370689
            ],
            [
              -107.8452183,
              37.9370692
            ],
            [
              -107.8452211,
              37.9370696
            ],
            [
              -107.8452239,
              37.9370699
            ],
            [
              -107.8452267,
              37.9370702
            ]
          ]
        ]
      }
    },
    {
      "type": "Feature",
      "properties": {
        "id": "four-seasons-mountain-village-south-annex-massing",
        "project_id": "four-seasons-mountain-village",
        "name": "Four Seasons \u2014 South Annex",
        "status": "Approved",
        "project_type": "Hotel / Lodging",
        "height_ft": 99,
        "height_m": 30.18,
        "base_m": 0,
        "floors": 9,
        "sqft": 3000,
        "hotel_rooms": null,
        "housing_units": null,
        "source_confidence": "Estimated",
        "source_note": "Southeast tower \u2014 9 stories (~11 ft/story). Traced from Four Seasons site plan SVG at 0.15 m/SVG-unit; anchored at the circular plaza.",
        "deep_dive_url": "",
        "primary_source_url": "https://townofmountainvillage.com/",
        "last_updated": "2026-05-15"
      },
      "geometry": {
        "type": "Polygon",
        "coordinates": [
          [
            [
              -107.8452267,
              37.9369438
            ],
            [
              -107.8452248,
              37.9369349
            ],
            [
              -107.8452229,
              37.9369261
            ],
            [
              -107.845221,
              37.9369172
            ],
            [
              -107.8452191,
              37.9369084
            ],
            [
              -107.8452172,
              37.9368995
            ],
            [
              -107.8452153,
              37.9368907
            ],
            [
              -107.8452135,
              37.9368818
            ],
            [
              -107.8452116,
              37.9368729
            ],
            [
              -107.8452097,
              37.9368641
            ],
            [
              -107.8452078,
              37.9368552
            ],
            [
              -107.8452059,
              37.9368464
            ],
            [
              -107.845204,
              37.9368375
            ],
            [
              -107.8452021,
              37.9368287
            ],
            [
              -107.8452002,
              37.9368198
            ],
            [
              -107.8452002,
              37.9368198
            ],
            [
              -107.8451915,
              37.9368211
            ],
            [
              -107.8451827,
              37.9368224
            ],
            [
              -107.8451739,
              37.9368236
            ],
            [
              -107.8451652,
              37.9368249
            ],
            [
              -107.8451564,
              37.9368262
            ],
            [
              -107.8451476,
              37.9368275
            ],
            [
              -107.8451388,
              37.9368287
            ],
            [
              -107.8451301,
              37.93683
            ],
            [
              -107.8451213,
              37.9368313
            ],
            [
              -107.8451125,
              37.9368325
            ],
            [
              -107.8451038,
              37.9368338
            ],
            [
              -107.845095,
              37.9368351
            ],
            [
              -107.8450862,
              37.9368364
            ],
            [
              -107.8450775,
              37.9368376
            ],
            [
              -107.8450775,
              37.9368376
            ],
            [
              -107.8450778,
              37.9368395
            ],
            [
              -107.8450789,
              37.9368446
            ],
            [
              -107.8450805,
              37.9368525
            ],
            [
              -107.8450826,
              37.9368627
            ],
            [
              -107.8450851,
              37.9368744
            ],
            [
              -107.8450878,
              37.9368873
            ],
            [
              -107.8450906,
              37.9369007
            ],
            [
              -107.8450935,
              37.9369142
            ],
            [
              -107.8450963,
              37.9369271
            ],
            [
              -107.8450989,
              37.9369388
            ],
            [
              -107.8451011,
              37.936949
            ],
            [
              -107.845103,
              37.9369569
            ],
            [
              -107.8451043,
              37.936962
            ],
            [
              -107.8451051,
              37.9369639
            ],
            [
              -107.8451051,
              37.9369639
            ],
            [
              -107.8451071,
              37.9369636
            ],
            [
              -107.8451123,
              37.9369627
            ],
            [
              -107.8451201,
              37.9369615
            ],
            [
              -107.8451299,
              37.9369599
            ],
            [
              -107.8451413,
              37.936958
            ],
            [
              -107.8451536,
              37.936956
            ],
            [
              -107.8451665,
              37.9369538
            ],
            [
              -107.8451794,
              37.9369517
            ],
            [
              -107.8451916,
              37.9369496
            ],
            [
              -107.8452029,
              37.9369478
            ],
            [
              -107.8452125,
              37.9369462
            ],
            [
              -107.84522,
              37.9369449
            ],
            [
              -107.8452249,
              37.9369441
            ],
            [
              -107.8452267,
              37.9369438
            ]
          ]
        ]
      }
    },
    {
      "type": "Feature",
      "properties": {
        "id": "six-senses-mv-massing",
        "project_id": "six-senses-mountain-village",
        "name": "Six Senses Telluride \u2014 Building Outline",
        "status": "Approved",
        "project_type": "Hotel / Lodging",
        "height_ft": 62.1,
        "height_m": 18.93,
        "base_m": 0,
        "floors": 9,
        "sqft": 173603,
        "hotel_rooms": 77,
        "housing_units": 24,
        "source_confidence": "Confirmed",
        "source_note": "Six Senses Telluride \u2014 Lot 109R2, Mountain Village. Traced from Layer_2 outline in Sixth Sense.svg at 0.1 m/SVG-unit. Anchored at NE corner of existing south building (37.938910\u00b0, -107.846381\u00b0). Per Dec 2022 DRB submission: 35,058 SF lot @ 98% coverage, 173,603 SF conditioned + 68,121 SF parking/mechanical, max 88'-9\" / avg 62'4\", 9 stories at the tall portion.",
        "deep_dive_url": "https://townofmountainvillage.com/",
        "primary_source_url": "https://townofmountainvillage.com/about-us/agendas-minutes-archives/",
        "last_updated": "2026-05-15"
      },
      "geometry": {
        "type": "Polygon",
        "coordinates": [
          [
            [
              -107.8467687,
              37.9390759
            ],
            [
              -107.8467662,
              37.9390707
            ],
            [
              -107.8467638,
              37.9390655
            ],
            [
              -107.8467613,
              37.9390603
            ],
            [
              -107.8467588,
              37.9390552
            ],
            [
              -107.8467564,
              37.93905
            ],
            [
              -107.8467539,
              37.9390448
            ],
            [
              -107.8467514,
              37.9390396
            ],
            [
              -107.846749,
              37.9390344
            ],
            [
              -107.8467465,
              37.9390292
            ],
            [
              -107.846744,
              37.9390241
            ],
            [
              -107.8467416,
              37.9390189
            ],
            [
              -107.8467391,
              37.9390137
            ],
            [
              -107.8467366,
              37.9390085
            ],
            [
              -107.8467342,
              37.9390033
            ],
            [
              -107.8467342,
              37.9390033
            ],
            [
              -107.8467246,
              37.9390045
            ],
            [
              -107.846715,
              37.9390056
            ],
            [
              -107.8467054,
              37.9390068
            ],
            [
              -107.8466958,
              37.9390079
            ],
            [
              -107.8466862,
              37.9390091
            ],
            [
              -107.8466766,
              37.9390102
            ],
            [
              -107.846667,
              37.9390114
            ],
            [
              -107.8466574,
              37.9390125
            ],
            [
              -107.8466478,
              37.9390137
            ],
            [
              -107.8466382,
              37.9390148
            ],
            [
              -107.8466286,
              37.939016
            ],
            [
              -107.846619,
              37.9390171
            ],
            [
              -107.8466094,
              37.9390182
            ],
            [
              -107.8465998,
              37.9390194
            ],
            [
              -107.8465998,
              37.9390194
            ],
            [
              -107.8465981,
              37.9390161
            ],
            [
              -107.8465964,
              37.9390128
            ],
            [
              -107.8465948,
              37.9390095
            ],
            [
              -107.8465931,
              37.9390061
            ],
            [
              -107.8465915,
              37.9390028
            ],
            [
              -107.8465898,
              37.9389995
            ],
            [
              -107.8465881,
              37.9389962
            ],
            [
              -107.8465865,
              37.9389929
            ],
            [
              -107.8465848,
              37.9389896
            ],
            [
              -107.8465831,
              37.9389863
            ],
            [
              -107.8465815,
              37.9389829
            ],
            [
              -107.8465798,
              37.9389796
            ],
            [
              -107.8465782,
              37.9389763
            ],
            [
              -107.8465765,
              37.938973
            ],
            [
              -107.8465765,
              37.938973
            ],
            [
              -107.8465636,
              37.9389772
            ],
            [
              -107.8465506,
              37.9389814
            ],
            [
              -107.8465377,
              37.9389856
            ],
            [
              -107.8465248,
              37.9389898
            ],
            [
              -107.8465119,
              37.938994
            ],
            [
              -107.8464989,
              37.9389982
            ],
            [
              -107.846486,
              37.9390024
            ],
            [
              -107.8464731,
              37.9390066
            ],
            [
              -107.8464602,
              37.9390109
            ],
            [
              -107.8464472,
              37.9390151
            ],
            [
              -107.8464343,
              37.9390193
            ],
            [
              -107.8464214,
              37.9390235
            ],
            [
              -107.8464085,
              37.9390277
            ],
            [
              -107.8463955,
              37.9390319
            ],
            [
              -107.8463955,
              37.9390319
            ],
            [
              -107.8463965,
              37.9390338
            ],
            [
              -107.8463974,
              37.9390358
            ],
            [
              -107.8463983,
              37.9390377
            ],
            [
              -107.8463992,
              37.9390397
            ],
            [
              -107.8464001,
              37.9390416
            ],
            [
              -107.846401,
              37.9390436
            ],
            [
              -107.8464019,
              37.9390456
            ],
            [
              -107.8464028,
              37.9390475
            ],
            [
              -107.8464037,
              37.9390495
            ],
            [
              -107.8464047,
              37.9390514
            ],
            [
              -107.8464056,
              37.9390534
            ],
            [
              -107.8464065,
              37.9390553
            ],
            [
              -107.8464074,
              37.9390573
            ],
            [
              -107.8464083,
              37.9390592
            ],
            [
              -107.8464083,
              37.9390592
            ],
            [
              -107.8464072,
              37.9390595
            ],
            [
              -107.8464041,
              37.9390602
            ],
            [
              -107.8463991,
              37.9390613
            ],
            [
              -107.8463925,
              37.9390625
            ],
            [
              -107.8463846,
              37.9390637
            ],
            [
              -107.8463754,
              37.9390647
            ],
            [
              -107.8463652,
              37.9390655
            ],
            [
              -107.8463543,
              37.9390658
            ],
            [
              -107.8463428,
              37.9390655
            ],
            [
              -107.846331,
              37.9390646
            ],
            [
              -107.846319,
              37.9390627
            ],
            [
              -107.8463071,
              37.9390598
            ],
            [
              -107.8462955,
              37.9390557
            ],
            [
              -107.8462844,
              37.9390503
            ],
            [
              -107.8462844,
              37.9390503
            ],
            [
              -107.8462744,
              37.9390444
            ],
            [
              -107.8462657,
              37.9390389
            ],
            [
              -107.8462584,
              37.9390339
            ],
            [
              -107.8462523,
              37.9390292
            ],
            [
              -107.8462472,
              37.939025
            ],
            [
              -107.8462432,
              37.9390212
            ],
            [
              -107.84624,
              37.9390179
            ],
            [
              -107.8462376,
              37.939015
            ],
            [
              -107.8462359,
              37.9390125
            ],
            [
              -107.8462347,
              37.9390105
            ],
            [
              -107.8462339,
              37.9390089
            ],
            [
              -107.8462335,
              37.9390078
            ],
            [
              -107.8462334,
              37.9390071
            ],
            [
              -107.8462334,
              37.9390069
            ],
            [
              -107.8462334,
              37.9390069
            ],
            [
              -107.8462344,
              37.939006
            ],
            [
              -107.8462355,
              37.939005
            ],
            [
              -107.8462366,
              37.9390041
            ],
            [
              -107.8462376,
              37.9390032
            ],
            [
              -107.8462387,
              37.9390022
            ],
            [
              -107.8462398,
              37.9390013
            ],
            [
              -107.8462409,
              37.9390004
            ],
            [
              -107.8462419,
              37.9389994
            ],
            [
              -107.846243,
              37.9389985
            ],
            [
              -107.8462441,
              37.9389976
            ],
            [
              -107.8462452,
              37.9389966
            ],
            [
              -107.8462462,
              37.9389957
            ],
            [
              -107.8462473,
              37.9389948
            ],
            [
              -107.8462484,
              37.9389938
            ],
            [
              -107.8462484,
              37.9389938
            ],
            [
              -107.8462402,
              37.9389861
            ],
            [
              -107.846232,
              37.9389784
            ],
            [
              -107.8462238,
              37.9389708
            ],
            [
              -107.8462155,
              37.9389631
            ],
            [
              -107.8462073,
              37.9389554
            ],
            [
              -107.8461991,
              37.9389477
            ],
            [
              -107.8461909,
              37.93894
            ],
            [
              -107.8461827,
              37.9389323
            ],
            [
              -107.8461745,
              37.9389246
            ],
            [
              -107.8461663,
              37.9389169
            ],
            [
              -107.8461581,
              37.9389093
            ],
            [
              -107.8461499,
              37.9389016
            ],
            [
              -107.8461417,
              37.9388939
            ],
            [
              -107.8461335,
              37.9388862
            ],
            [
              -107.8461335,
              37.9388862
            ],
            [
              -107.8461326,
              37.9388869
            ],
            [
              -107.8461317,
              37.9388875
            ],
            [
              -107.8461308,
              37.9388882
            ],
            [
              -107.8461298,
              37.9388889
            ],
            [
              -107.8461289,
              37.9388896
            ],
            [
              -107.846128,
              37.9388903
            ],
            [
              -107.8461271,
              37.9388909
            ],
            [
              -107.8461262,
              37.9388916
            ],
            [
              -107.8461253,
              37.9388923
            ],
            [
              -107.8461244,
              37.938893
            ],
            [
              -107.8461235,
              37.9388937
            ],
            [
              -107.8461226,
              37.9388943
            ],
            [
              -107.8461216,
              37.938895
            ],
            [
              -107.8461207,
              37.9388957
            ],
            [
              -107.8461207,
              37.9388957
            ],
            [
              -107.8461173,
              37.9388927
            ],
            [
              -107.8461139,
              37.9388897
            ],
            [
              -107.8461104,
              37.9388868
            ],
            [
              -107.846107,
              37.9388838
            ],
            [
              -107.8461036,
              37.9388808
            ],
            [
              -107.8461001,
              37.9388779
            ],
            [
              -107.8460967,
              37.9388749
            ],
            [
              -107.8460933,
              37.9388719
            ],
            [
              -107.8460898,
              37.9388689
            ],
            [
              -107.8460864,
              37.938866
            ],
            [
              -107.846083,
              37.938863
            ],
            [
              -107.8460795,
              37.93886
            ],
            [
              -107.8460761,
              37.938857
            ],
            [
              -107.8460727,
              37.9388541
            ],
            [
              -107.8460727,
              37.9388541
            ],
            [
              -107.8460657,
              37.9388559
            ],
            [
              -107.8460587,
              37.9388576
            ],
            [
              -107.8460518,
              37.9388594
            ],
            [
              -107.8460448,
              37.9388612
            ],
            [
              -107.8460378,
              37.938863
            ],
            [
              -107.8460308,
              37.9388648
            ],
            [
              -107.8460239,
              37.9388666
            ],
            [
              -107.8460169,
              37.9388683
            ],
            [
              -107.8460099,
              37.9388701
            ],
            [
              -107.846003,
              37.9388719
            ],
            [
              -107.845996,
              37.9388737
            ],
            [
              -107.845989,
              37.9388755
            ],
            [
              -107.845982,
              37.9388773
            ],
            [
              -107.8459751,
              37.938879
            ],
            [
              -107.8459751,
              37.938879
            ],
            [
              -107.8459692,
              37.9388836
            ],
            [
              -107.8459634,
              37.9388881
            ],
            [
              -107.8459575,
              37.9388927
            ],
            [
              -107.8459517,
              37.9388972
            ],
            [
              -107.8459458,
              37.9389018
            ],
            [
              -107.84594,
              37.9389063
            ],
            [
              -107.8459342,
              37.9389109
            ],
            [
              -107.8459283,
              37.9389154
            ],
            [
              -107.8459225,
              37.9389199
            ],
            [
              -107.8459166,
              37.9389245
            ],
            [
              -107.8459108,
              37.938929
            ],
            [
              -107.8459049,
              37.9389336
            ],
            [
              -107.8458991,
              37.9389381
            ],
            [
              -107.8458932,
              37.9389427
            ],
            [
              -107.8458932,
              37.9389427
            ],
            [
              -107.8459106,
              37.9389594
            ],
            [
              -107.845928,
              37.9389761
            ],
            [
              -107.8459454,
              37.9389929
            ],
            [
              -107.8459627,
              37.9390096
            ],
            [
              -107.8459801,
              37.9390263
            ],
            [
              -107.8459975,
              37.9390431
            ],
            [
              -107.8460149,
              37.9390598
            ],
            [
              -107.8460323,
              37.9390765
            ],
            [
              -107.8460496,
              37.9390933
            ],
            [
              -107.846067,
              37.93911
            ],
            [
              -107.8460844,
              37.9391268
            ],
            [
              -107.8461018,
              37.9391435
            ],
            [
              -107.8461191,
              37.9391602
            ],
            [
              -107.8461365,
              37.939177
            ],
            [
              -107.8461365,
              37.939177
            ],
            [
              -107.8461379,
              37.9391783
            ],
            [
              -107.846142,
              37.939182
            ],
            [
              -107.8461488,
              37.9391877
            ],
            [
              -107.8461582,
              37.939195
            ],
            [
              -107.8461701,
              37.9392036
            ],
            [
              -107.8461846,
              37.9392129
            ],
            [
              -107.8462015,
              37.9392227
            ],
            [
              -107.8462207,
              37.9392326
            ],
            [
              -107.8462424,
              37.939242
            ],
            [
              -107.8462663,
              37.9392508
            ],
            [
              -107.8462924,
              37.9392583
            ],
            [
              -107.8463207,
              37.9392644
            ],
            [
              -107.8463511,
              37.9392685
            ],
            [
              -107.8463835,
              37.9392703
            ],
            [
              -107.8463835,
              37.9392703
            ],
            [
              -107.8464161,
              37.9392696
            ],
            [
              -107.8464469,
              37.9392666
            ],
            [
              -107.8464758,
              37.9392618
            ],
            [
              -107.8465027,
              37.9392554
            ],
            [
              -107.8465276,
              37.939248
            ],
            [
              -107.8465502,
              37.9392397
            ],
            [
              -107.8465705,
              37.9392311
            ],
            [
              -107.8465884,
              37.9392224
            ],
            [
              -107.8466039,
              37.939214
            ],
            [
              -107.8466167,
              37.9392064
            ],
            [
              -107.8466269,
              37.9391998
            ],
            [
              -107.8466343,
              37.9391946
            ],
            [
              -107.8466388,
              37.9391912
            ],
            [
              -107.8466403,
              37.93919
            ],
            [
              -107.8466403,
              37.93919
            ],
            [
              -107.8466446,
              37.9391874
            ],
            [
              -107.8466489,
              37.9391848
            ],
            [
              -107.8466532,
              37.9391821
            ],
            [
              -107.8466575,
              37.9391795
            ],
            [
              -107.8466618,
              37.9391769
            ],
            [
              -107.8466661,
              37.9391742
            ],
            [
              -107.8466704,
              37.9391716
            ],
            [
              -107.8466746,
              37.939169
            ],
            [
              -107.8466789,
              37.9391663
            ],
            [
              -107.8466832,
              37.9391637
            ],
            [
              -107.8466875,
              37.9391611
            ],
            [
              -107.8466918,
              37.9391584
            ],
            [
              -107.8466961,
              37.9391558
            ],
            [
              -107.8467004,
              37.9391532
            ],
            [
              -107.8467004,
              37.9391532
            ],
            [
              -107.846699,
              37.9391507
            ],
            [
              -107.8466977,
              37.9391483
            ],
            [
              -107.8466964,
              37.9391459
            ],
            [
              -107.846695,
              37.9391435
            ],
            [
              -107.8466937,
              37.9391411
            ],
            [
              -107.8466923,
              37.9391386
            ],
            [
              -107.846691,
              37.9391362
            ],
            [
              -107.8466897,
              37.9391338
            ],
            [
              -107.8466883,
              37.9391314
            ],
            [
              -107.846687,
              37.939129
            ],
            [
              -107.8466856,
              37.9391265
            ],
            [
              -107.8466843,
              37.9391241
            ],
            [
              -107.846683,
              37.9391217
            ],
            [
              -107.8466816,
              37.9391193
            ],
            [
              -107.8466816,
              37.9391193
            ],
            [
              -107.8466878,
              37.9391162
            ],
            [
              -107.8466941,
              37.9391131
            ],
            [
              -107.8467003,
              37.93911
            ],
            [
              -107.8467065,
              37.9391069
            ],
            [
              -107.8467127,
              37.9391038
            ],
            [
              -107.8467189,
              37.9391007
            ],
            [
              -107.8467252,
              37.9390976
            ],
            [
              -107.8467314,
              37.9390945
            ],
            [
              -107.8467376,
              37.9390914
            ],
            [
              -107.8467438,
              37.9390883
            ],
            [
              -107.8467501,
              37.9390852
            ],
            [
              -107.8467563,
              37.9390821
            ],
            [
              -107.8467625,
              37.939079
            ],
            [
              -107.8467687,
              37.9390759
            ]
          ]
        ]
      }
    },
    {
      "type": "Feature",
      "properties": {
        "id": "voodoo-housing-massing",
        "project_id": "voodoo-affordable-housing",
        "name": "VooDoo Affordable Housing \u2014 Building Outline",
        "status": "Approved",
        "project_type": "Housing",
        "height_ft": 45,
        "height_m": 13.72,
        "base_m": 0,
        "floors": 4,
        "sqft": 27000,
        "hotel_rooms": null,
        "housing_units": 27,
        "source_confidence": "Confirmed",
        "source_note": "VooDoo Affordable Housing \u2014 corner of S Willow & W Pacific in Telluride. Traced from Voodoo.svg at 0.1 m/SVG-unit; anchored at (37.935883\u00b0, -107.809212\u00b0). Uniform 45 ft / 4-story height \u2014 adjust to actual permitted height when verified from PDF plan.",
        "deep_dive_url": "",
        "primary_source_url": "",
        "last_updated": "2026-05-16"
      },
      "geometry": {
        "type": "Polygon",
        "coordinates": [
          [
            [
              -107.8098819,
              37.9362514
            ],
            [
              -107.8098834,
              37.9362478
            ],
            [
              -107.8098866,
              37.9362409
            ],
            [
              -107.8098911,
              37.9362311
            ],
            [
              -107.8098967,
              37.9362192
            ],
            [
              -107.8099032,
              37.9362056
            ],
            [
              -107.8099101,
              37.936191
            ],
            [
              -107.8099172,
              37.936176
            ],
            [
              -107.8099243,
              37.936161
            ],
            [
              -107.8099311,
              37.9361468
            ],
            [
              -107.8099373,
              37.9361339
            ],
            [
              -107.8099426,
              37.9361228
            ],
            [
              -107.8099467,
              37.9361142
            ],
            [
              -107.8099494,
              37.9361086
            ],
            [
              -107.8099504,
              37.9361066
            ],
            [
              -107.8099504,
              37.9361066
            ],
            [
              -107.8099381,
              37.9361032
            ],
            [
              -107.8099258,
              37.9360998
            ],
            [
              -107.8099135,
              37.9360965
            ],
            [
              -107.8099013,
              37.9360931
            ],
            [
              -107.809889,
              37.9360897
            ],
            [
              -107.8098767,
              37.9360863
            ],
            [
              -107.8098644,
              37.9360829
            ],
            [
              -107.8098521,
              37.9360796
            ],
            [
              -107.8098399,
              37.9360762
            ],
            [
              -107.8098276,
              37.9360728
            ],
            [
              -107.8098153,
              37.9360694
            ],
            [
              -107.809803,
              37.936066
            ],
            [
              -107.8097907,
              37.9360627
            ],
            [
              -107.8097784,
              37.9360593
            ],
            [
              -107.8097784,
              37.9360593
            ],
            [
              -107.8097781,
              37.9360599
            ],
            [
              -107.8097778,
              37.9360604
            ],
            [
              -107.8097775,
              37.936061
            ],
            [
              -107.8097772,
              37.9360616
            ],
            [
              -107.8097769,
              37.9360622
            ],
            [
              -107.8097766,
              37.9360628
            ],
            [
              -107.8097763,
              37.9360634
            ],
            [
              -107.8097759,
              37.9360639
            ],
            [
              -107.8097756,
              37.9360645
            ],
            [
              -107.8097753,
              37.9360651
            ],
            [
              -107.809775,
              37.9360657
            ],
            [
              -107.8097747,
              37.9360663
            ],
            [
              -107.8097744,
              37.9360668
            ],
            [
              -107.8097741,
              37.9360674
            ],
            [
              -107.8097741,
              37.9360674
            ],
            [
              -107.8097714,
              37.9360668
            ],
            [
              -107.8097687,
              37.9360663
            ],
            [
              -107.8097659,
              37.9360657
            ],
            [
              -107.8097632,
              37.9360651
            ],
            [
              -107.8097605,
              37.9360645
            ],
            [
              -107.8097578,
              37.9360639
            ],
            [
              -107.8097551,
              37.9360634
            ],
            [
              -107.8097524,
              37.9360628
            ],
            [
              -107.8097497,
              37.9360622
            ],
            [
              -107.809747,
              37.9360616
            ],
            [
              -107.8097443,
              37.936061
            ],
            [
              -107.8097416,
              37.9360604
            ],
            [
              -107.8097389,
              37.9360599
            ],
            [
              -107.8097362,
              37.9360593
            ],
            [
              -107.8097362,
              37.9360593
            ],
            [
              -107.8097354,
              37.9360609
            ],
            [
              -107.8097345,
              37.9360625
            ],
            [
              -107.8097337,
              37.936064
            ],
            [
              -107.8097329,
              37.9360656
            ],
            [
              -107.8097321,
              37.9360672
            ],
            [
              -107.8097312,
              37.9360688
            ],
            [
              -107.8097304,
              37.9360704
            ],
            [
              -107.8097296,
              37.936072
            ],
            [
              -107.8097287,
              37.9360736
            ],
            [
              -107.8097279,
              37.9360751
            ],
            [
              -107.8097271,
              37.9360767
            ],
            [
              -107.8097263,
              37.9360783
            ],
            [
              -107.8097254,
              37.9360799
            ],
            [
              -107.8097246,
              37.9360815
            ],
            [
              -107.8097246,
              37.9360815
            ],
            [
              -107.8097241,
              37.9360816
            ],
            [
              -107.8097236,
              37.9360818
            ],
            [
              -107.809723,
              37.9360819
            ],
            [
              -107.8097225,
              37.9360821
            ],
            [
              -107.809722,
              37.9360822
            ],
            [
              -107.8097215,
              37.9360824
            ],
            [
              -107.809721,
              37.9360825
            ],
            [
              -107.8097204,
              37.9360827
            ],
            [
              -107.8097199,
              37.9360828
            ],
            [
              -107.8097194,
              37.936083
            ],
            [
              -107.8097189,
              37.9360831
            ],
            [
              -107.8097184,
              37.9360833
            ],
            [
              -107.8097178,
              37.9360834
            ],
            [
              -107.8097173,
              37.9360835
            ],
            [
              -107.8097173,
              37.9360835
            ],
            [
              -107.8097167,
              37.9360851
            ],
            [
              -107.8097161,
              37.9360866
            ],
            [
              -107.8097154,
              37.9360881
            ],
            [
              -107.8097148,
              37.9360896
            ],
            [
              -107.8097142,
              37.9360912
            ],
            [
              -107.8097136,
              37.9360927
            ],
            [
              -107.8097129,
              37.9360942
            ],
            [
              -107.8097123,
              37.9360957
            ],
            [
              -107.8097117,
              37.9360973
            ],
            [
              -107.809711,
              37.9360988
            ],
            [
              -107.8097104,
              37.9361003
            ],
            [
              -107.8097098,
              37.9361018
            ],
            [
              -107.8097092,
              37.9361033
            ],
            [
              -107.8097085,
              37.9361049
            ],
            [
              -107.8097085,
              37.9361049
            ],
            [
              -107.8097075,
              37.9361045
            ],
            [
              -107.8097064,
              37.9361042
            ],
            [
              -107.8097054,
              37.9361039
            ],
            [
              -107.8097044,
              37.9361036
            ],
            [
              -107.8097033,
              37.9361032
            ],
            [
              -107.8097023,
              37.9361029
            ],
            [
              -107.8097012,
              37.9361026
            ],
            [
              -107.8097002,
              37.9361022
            ],
            [
              -107.8096992,
              37.9361019
            ],
            [
              -107.8096981,
              37.9361016
            ],
            [
              -107.8096971,
              37.9361012
            ],
            [
              -107.809696,
              37.9361009
            ],
            [
              -107.809695,
              37.9361006
            ],
            [
              -107.809694,
              37.9361003
            ],
            [
              -107.809694,
              37.9361003
            ],
            [
              -107.8096936,
              37.9361013
            ],
            [
              -107.8096932,
              37.9361023
            ],
            [
              -107.8096929,
              37.9361034
            ],
            [
              -107.8096925,
              37.9361044
            ],
            [
              -107.8096921,
              37.9361054
            ],
            [
              -107.8096918,
              37.9361064
            ],
            [
              -107.8096914,
              37.9361075
            ],
            [
              -107.809691,
              37.9361085
            ],
            [
              -107.8096907,
              37.9361095
            ],
            [
              -107.8096903,
              37.9361106
            ],
            [
              -107.8096899,
              37.9361116
            ],
            [
              -107.8096896,
              37.9361126
            ],
            [
              -107.8096892,
              37.9361137
            ],
            [
              -107.8096889,
              37.9361147
            ],
            [
              -107.8096889,
              37.9361147
            ],
            [
              -107.8096856,
              37.9361137
            ],
            [
              -107.8096824,
              37.9361126
            ],
            [
              -107.8096792,
              37.9361116
            ],
            [
              -107.809676,
              37.9361106
            ],
            [
              -107.8096727,
              37.9361095
            ],
            [
              -107.8096695,
              37.9361085
            ],
            [
              -107.8096663,
              37.9361075
            ],
            [
              -107.809663,
              37.9361064
            ],
            [
              -107.8096598,
              37.9361054
            ],
            [
              -107.8096566,
              37.9361044
            ],
            [
              -107.8096534,
              37.9361034
            ],
            [
              -107.8096501,
              37.9361023
            ],
            [
              -107.8096469,
              37.9361013
            ],
            [
              -107.8096437,
              37.9361003
            ],
            [
              -107.8096437,
              37.9361003
            ],
            [
              -107.8096453,
              37.936097
            ],
            [
              -107.8096469,
              37.9360937
            ],
            [
              -107.8096485,
              37.9360905
            ],
            [
              -107.8096501,
              37.9360872
            ],
            [
              -107.8096517,
              37.936084
            ],
            [
              -107.8096534,
              37.9360807
            ],
            [
              -107.809655,
              37.9360775
            ],
            [
              -107.8096566,
              37.9360742
            ],
            [
              -107.8096582,
              37.936071
            ],
            [
              -107.8096598,
              37.9360677
            ],
            [
              -107.8096614,
              37.9360644
            ],
            [
              -107.809663,
              37.9360612
            ],
            [
              -107.8096647,
              37.9360579
            ],
            [
              -107.8096663,
              37.9360547
            ],
            [
              -107.8096663,
              37.9360547
            ],
            [
              -107.809662,
              37.9360534
            ],
            [
              -107.8096577,
              37.9360522
            ],
            [
              -107.8096535,
              37.936051
            ],
            [
              -107.8096492,
              37.9360497
            ],
            [
              -107.8096449,
              37.9360485
            ],
            [
              -107.8096407,
              37.9360473
            ],
            [
              -107.8096364,
              37.936046
            ],
            [
              -107.8096321,
              37.9360448
            ],
            [
              -107.8096279,
              37.9360436
            ],
            [
              -107.8096236,
              37.9360423
            ],
            [
              -107.8096193,
              37.9360411
            ],
            [
              -107.8096151,
              37.9360398
            ],
            [
              -107.8096108,
              37.9360386
            ],
            [
              -107.8096065,
              37.9360374
            ],
            [
              -107.8096065,
              37.9360374
            ],
            [
              -107.8096069,
              37.9360367
            ],
            [
              -107.8096072,
              37.9360361
            ],
            [
              -107.8096076,
              37.9360354
            ],
            [
              -107.8096079,
              37.9360347
            ],
            [
              -107.8096083,
              37.9360341
            ],
            [
              -107.8096086,
              37.9360334
            ],
            [
              -107.809609,
              37.9360328
            ],
            [
              -107.8096093,
              37.9360321
            ],
            [
              -107.8096097,
              37.9360314
            ],
            [
              -107.80961,
              37.9360308
            ],
            [
              -107.8096104,
              37.9360301
            ],
            [
              -107.8096107,
              37.9360295
            ],
            [
              -107.8096111,
              37.9360288
            ],
            [
              -107.8096114,
              37.9360281
            ],
            [
              -107.8096114,
              37.9360281
            ],
            [
              -107.8096078,
              37.9360272
            ],
            [
              -107.8096042,
              37.9360263
            ],
            [
              -107.8096005,
              37.9360254
            ],
            [
              -107.8095969,
              37.9360245
            ],
            [
              -107.8095933,
              37.9360236
            ],
            [
              -107.8095897,
              37.9360227
            ],
            [
              -107.809586,
              37.9360218
            ],
            [
              -107.8095824,
              37.9360209
            ],
            [
              -107.8095788,
              37.93602
            ],
            [
              -107.8095751,
              37.9360191
            ],
            [
              -107.8095715,
              37.9360182
            ],
            [
              -107.8095679,
              37.9360173
            ],
            [
              -107.8095643,
              37.9360164
            ],
            [
              -107.8095606,
              37.9360154
            ],
            [
              -107.8095606,
              37.9360154
            ],
            [
              -107.8095603,
              37.9360161
            ],
            [
              -107.80956,
              37.9360167
            ],
            [
              -107.8095597,
              37.9360173
            ],
            [
              -107.8095594,
              37.9360179
            ],
            [
              -107.8095591,
              37.9360185
            ],
            [
              -107.8095588,
              37.9360192
            ],
            [
              -107.8095584,
              37.9360198
            ],
            [
              -107.8095581,
              37.9360204
            ],
            [
              -107.8095578,
              37.936021
            ],
            [
              -107.8095575,
              37.9360216
            ],
            [
              -107.8095572,
              37.9360222
            ],
            [
              -107.8095569,
              37.9360229
            ],
            [
              -107.8095566,
              37.9360235
            ],
            [
              -107.8095563,
              37.9360241
            ],
            [
              -107.8095563,
              37.9360241
            ],
            [
              -107.8095543,
              37.9360235
            ],
            [
              -107.8095524,
              37.9360229
            ],
            [
              -107.8095505,
              37.9360222
            ],
            [
              -107.8095486,
              37.9360216
            ],
            [
              -107.8095466,
              37.936021
            ],
            [
              -107.8095447,
              37.9360204
            ],
            [
              -107.8095428,
              37.9360198
            ],
            [
              -107.8095409,
              37.9360192
            ],
            [
              -107.8095389,
              37.9360185
            ],
            [
              -107.809537,
              37.9360179
            ],
            [
              -107.8095351,
              37.9360173
            ],
            [
              -107.8095332,
              37.9360167
            ],
            [
              -107.8095312,
              37.9360161
            ],
            [
              -107.8095293,
              37.9360154
            ],
            [
              -107.8095293,
              37.9360154
            ],
            [
              -107.8095303,
              37.9360131
            ],
            [
              -107.8095314,
              37.9360108
            ],
            [
              -107.8095324,
              37.9360085
            ],
            [
              -107.8095334,
              37.9360062
            ],
            [
              -107.8095344,
              37.9360039
            ],
            [
              -107.8095355,
              37.9360016
            ],
            [
              -107.8095365,
              37.9359993
            ],
            [
              -107.8095375,
              37.935997
            ],
            [
              -107.8095385,
              37.9359947
            ],
            [
              -107.8095396,
              37.9359924
            ],
            [
              -107.8095406,
              37.9359901
            ],
            [
              -107.8095416,
              37.9359878
            ],
            [
              -107.8095427,
              37.9359854
            ],
            [
              -107.8095437,
              37.9359831
            ],
            [
              -107.8095437,
              37.9359831
            ],
            [
              -107.8095309,
              37.9359796
            ],
            [
              -107.8095181,
              37.9359761
            ],
            [
              -107.8095053,
              37.9359726
            ],
            [
              -107.8094925,
              37.9359691
            ],
            [
              -107.8094798,
              37.9359656
            ],
            [
              -107.809467,
              37.9359621
            ],
            [
              -107.8094542,
              37.9359586
            ],
            [
              -107.8094414,
              37.9359551
            ],
            [
              -107.8094286,
              37.9359516
            ],
            [
              -107.8094158,
              37.9359481
            ],
            [
              -107.809403,
              37.9359446
            ],
            [
              -107.8093902,
              37.9359411
            ],
            [
              -107.8093775,
              37.9359376
            ],
            [
              -107.8093647,
              37.9359341
            ],
            [
              -107.8093647,
              37.9359341
            ],
            [
              -107.809364,
              37.9359358
            ],
            [
              -107.8093633,
              37.9359375
            ],
            [
              -107.8093626,
              37.9359392
            ],
            [
              -107.809362,
              37.9359409
            ],
            [
              -107.8093613,
              37.9359425
            ],
            [
              -107.8093606,
              37.9359442
            ],
            [
              -107.8093599,
              37.9359459
            ],
            [
              -107.8093593,
              37.9359476
            ],
            [
              -107.8093586,
              37.9359493
            ],
            [
              -107.8093579,
              37.935951
            ],
            [
              -107.8093572,
              37.9359527
            ],
            [
              -107.8093565,
              37.9359544
            ],
            [
              -107.8093559,
              37.9359561
            ],
            [
              -107.8093552,
              37.9359578
            ],
            [
              -107.8093552,
              37.9359578
            ],
            [
              -107.8093531,
              37.935957
            ],
            [
              -107.809351,
              37.9359563
            ],
            [
              -107.8093489,
              37.9359556
            ],
            [
              -107.8093469,
              37.9359549
            ],
            [
              -107.8093448,
              37.9359542
            ],
            [
              -107.8093427,
              37.9359535
            ],
            [
              -107.8093406,
              37.9359528
            ],
            [
              -107.8093385,
              37.9359521
            ],
            [
              -107.8093365,
              37.9359514
            ],
            [
              -107.8093344,
              37.9359507
            ],
            [
              -107.8093323,
              37.93595
            ],
            [
              -107.8093302,
              37.9359493
            ],
            [
              -107.8093281,
              37.9359486
            ],
            [
              -107.809326,
              37.9359479
            ],
            [
              -107.809326,
              37.9359479
            ],
            [
              -107.8093267,
              37.9359463
            ],
            [
              -107.8093274,
              37.9359447
            ],
            [
              -107.8093281,
              37.9359431
            ],
            [
              -107.8093288,
              37.9359415
            ],
            [
              -107.8093294,
              37.9359399
            ],
            [
              -107.8093301,
              37.9359383
            ],
            [
              -107.8093308,
              37.9359367
            ],
            [
              -107.8093315,
              37.9359351
            ],
            [
              -107.8093321,
              37.9359335
            ],
            [
              -107.8093328,
              37.9359319
            ],
            [
              -107.8093335,
              37.9359303
            ],
            [
              -107.8093342,
              37.9359286
            ],
            [
              -107.8093348,
              37.935927
            ],
            [
              -107.8093355,
              37.9359254
            ],
            [
              -107.8093355,
              37.9359254
            ],
            [
              -107.8093279,
              37.9359234
            ],
            [
              -107.8093203,
              37.9359213
            ],
            [
              -107.8093127,
              37.9359193
            ],
            [
              -107.8093051,
              37.9359172
            ],
            [
              -107.8092975,
              37.9359151
            ],
            [
              -107.8092899,
              37.9359131
            ],
            [
              -107.8092823,
              37.935911
            ],
            [
              -107.8092747,
              37.9359089
            ],
            [
              -107.8092672,
              37.9359069
            ],
            [
              -107.8092596,
              37.9359048
            ],
            [
              -107.809252,
              37.9359028
            ],
            [
              -107.8092444,
              37.9359007
            ],
            [
              -107.8092368,
              37.9358986
            ],
            [
              -107.8092292,
              37.9358966
            ],
            [
              -107.8092292,
              37.9358966
            ],
            [
              -107.8092251,
              37.9359061
            ],
            [
              -107.809221,
              37.9359155
            ],
            [
              -107.809217,
              37.935925
            ],
            [
              -107.8092129,
              37.9359345
            ],
            [
              -107.8092089,
              37.935944
            ],
            [
              -107.8092048,
              37.9359535
            ],
            [
              -107.8092008,
              37.9359629
            ],
            [
              -107.8091967,
              37.9359724
            ],
            [
              -107.8091926,
              37.9359819
            ],
            [
              -107.8091886,
              37.9359914
            ],
            [
              -107.8091845,
              37.9360009
            ],
            [
              -107.8091805,
              37.9360103
            ],
            [
              -107.8091764,
              37.9360198
            ],
            [
              -107.8091723,
              37.9360293
            ],
            [
              -107.8091723,
              37.9360293
            ],
            [
              -107.8091797,
              37.9360314
            ],
            [
              -107.8091871,
              37.9360336
            ],
            [
              -107.8091945,
              37.9360357
            ],
            [
              -107.8092019,
              37.9360379
            ],
            [
              -107.8092093,
              37.93604
            ],
            [
              -107.8092167,
              37.9360422
            ],
            [
              -107.8092241,
              37.9360443
            ],
            [
              -107.8092315,
              37.9360464
            ],
            [
              -107.8092388,
              37.9360486
            ],
            [
              -107.8092462,
              37.9360507
            ],
            [
              -107.8092536,
              37.9360529
            ],
            [
              -107.809261,
              37.936055
            ],
            [
              -107.8092684,
              37.9360572
            ],
            [
              -107.8092758,
              37.9360593
            ],
            [
              -107.8092758,
              37.9360593
            ],
            [
              -107.8092775,
              37.9360597
            ],
            [
              -107.8092792,
              37.93606
            ],
            [
              -107.8092809,
              37.9360604
            ],
            [
              -107.8092827,
              37.9360608
            ],
            [
              -107.8092844,
              37.9360611
            ],
            [
              -107.8092861,
              37.9360615
            ],
            [
              -107.8092878,
              37.9360619
            ],
            [
              -107.8092895,
              37.9360623
            ],
            [
              -107.8092912,
              37.9360626
            ],
            [
              -107.809293,
              37.936063
            ],
            [
              -107.8092947,
              37.9360634
            ],
            [
              -107.8092964,
              37.9360637
            ],
            [
              -107.8092981,
              37.9360641
            ],
            [
              -107.8092998,
              37.9360645
            ],
            [
              -107.8092998,
              37.9360645
            ],
            [
              -107.8092949,
              37.9360762
            ],
            [
              -107.80929,
              37.9360879
            ],
            [
              -107.8092852,
              37.9360996
            ],
            [
              -107.8092803,
              37.9361113
            ],
            [
              -107.8092754,
              37.936123
            ],
            [
              -107.8092705,
              37.9361347
            ],
            [
              -107.8092656,
              37.9361464
            ],
            [
              -107.8092607,
              37.9361581
            ],
            [
              -107.8092558,
              37.9361698
            ],
            [
              -107.8092509,
              37.9361815
            ],
            [
              -107.809246,
              37.9361932
            ],
            [
              -107.8092411,
              37.9362049
            ],
            [
              -107.8092362,
              37.9362166
            ],
            [
              -107.8092313,
              37.9362283
            ],
            [
              -107.8092313,
              37.9362283
            ],
            [
              -107.8092628,
              37.9362373
            ],
            [
              -107.8092942,
              37.9362462
            ],
            [
              -107.8093256,
              37.9362552
            ],
            [
              -107.8093571,
              37.9362641
            ],
            [
              -107.8093885,
              37.9362731
            ],
            [
              -107.8094199,
              37.936282
            ],
            [
              -107.8094514,
              37.9362909
            ],
            [
              -107.8094828,
              37.9362999
            ],
            [
              -107.8095142,
              37.9363088
            ],
            [
              -107.8095456,
              37.9363178
            ],
            [
              -107.8095771,
              37.9363267
            ],
            [
              -107.8096085,
              37.9363357
            ],
            [
              -107.8096399,
              37.9363446
            ],
            [
              -107.8096714,
              37.9363535
            ],
            [
              -107.8096714,
              37.9363535
            ],
            [
              -107.8096761,
              37.9363432
            ],
            [
              -107.8096808,
              37.9363329
            ],
            [
              -107.8096855,
              37.9363226
            ],
            [
              -107.8096902,
              37.9363123
            ],
            [
              -107.8096949,
              37.9363019
            ],
            [
              -107.8096996,
              37.9362916
            ],
            [
              -107.8097043,
              37.9362813
            ],
            [
              -107.809709,
              37.936271
            ],
            [
              -107.8097137,
              37.9362606
            ],
            [
              -107.8097184,
              37.9362503
            ],
            [
              -107.8097231,
              37.93624
            ],
            [
              -107.8097279,
              37.9362297
            ],
            [
              -107.8097326,
              37.9362194
            ],
            [
              -107.8097373,
              37.936209
            ],
            [
              -107.8097373,
              37.936209
            ],
            [
              -107.8097476,
              37.9362121
            ],
            [
              -107.8097579,
              37.9362151
            ],
            [
              -107.8097683,
              37.9362181
            ],
            [
              -107.8097786,
              37.9362211
            ],
            [
              -107.8097889,
              37.9362242
            ],
            [
              -107.8097993,
              37.9362272
            ],
            [
              -107.8098096,
              37.9362302
            ],
            [
              -107.8098199,
              37.9362333
            ],
            [
              -107.8098302,
              37.9362363
            ],
            [
              -107.8098406,
              37.9362393
            ],
            [
              -107.8098509,
              37.9362423
            ],
            [
              -107.8098612,
              37.9362454
            ],
            [
              -107.8098716,
              37.9362484
            ],
            [
              -107.8098819,
              37.9362514
            ]
          ]
        ]
      }
    },
    {
      "type": "Feature",
      "properties": {
        "id": "carhenge-lot-bldg-1-massing",
        "project_id": "carhenge-lot",
        "name": "Carhenge \u2014 Building 1 (Zone 3)",
        "status": "Under Review",
        "project_type": "Mixed-use housing / commercial",
        "height_ft": 45,
        "height_m": 13.72,
        "base_m": 0,
        "floors": 4,
        "zone": 3,
        "zone_letters": "E West / E East / F",
        "sqft": null,
        "hotel_rooms": null,
        "housing_units": null,
        "source_confidence": "Estimated",
        "source_note": "Footprint extracted from \"Updated Carhenge.svg\" (HARC Work Session packet, May 20 2026). Vector st1 elements (#427be2 blue) registered via user-added geo-tag at SVG (388.49, 209.98) \u2192 lat 37.937446, lon -107.819538; scale matched against existing cluster.",
        "deep_dive_url": "https://livabletelluride.org/the-growing-weight-of-tellurides-debt/",
        "primary_source_url": "",
        "last_updated": "2026-05-18"
      },
      "geometry": {
        "type": "Polygon",
        "coordinates": [
          [
            [
              -107.819833,
              37.937474
            ],
            [
              -107.81985,
              37.937479
            ],
            [
              -107.819823,
              37.937537
            ],
            [
              -107.819956,
              37.937576
            ],
            [
              -107.819983,
              37.937518
            ],
            [
              -107.820019,
              37.937529
            ],
            [
              -107.820092,
              37.937375
            ],
            [
              -107.820055,
              37.937365
            ],
            [
              -107.82006,
              37.937354
            ],
            [
              -107.819928,
              37.937315
            ],
            [
              -107.819922,
              37.937326
            ],
            [
              -107.819905,
              37.937321
            ],
            [
              -107.819833,
              37.937474
            ]
          ]
        ]
      }
    },
    {
      "type": "Feature",
      "properties": {
        "id": "carhenge-lot-bldg-2-massing",
        "project_id": "carhenge-lot",
        "name": "Carhenge \u2014 Building 2 (Zone 3)",
        "status": "Under Review",
        "project_type": "Mixed-use housing / commercial",
        "height_ft": 45,
        "height_m": 13.72,
        "base_m": 0,
        "floors": 4,
        "zone": 3,
        "zone_letters": "E West / E East / F",
        "sqft": null,
        "hotel_rooms": null,
        "housing_units": null,
        "source_confidence": "Estimated",
        "source_note": "Footprint extracted from \"Updated Carhenge.svg\" (HARC Work Session packet, May 20 2026). Vector st1 elements (#427be2 blue) registered via user-added geo-tag at SVG (388.49, 209.98) \u2192 lat 37.937446, lon -107.819538; scale matched against existing cluster.",
        "deep_dive_url": "https://livabletelluride.org/the-growing-weight-of-tellurides-debt/",
        "primary_source_url": "",
        "last_updated": "2026-05-18"
      },
      "geometry": {
        "type": "Polygon",
        "coordinates": [
          [
            [
              -107.820109,
              37.936646
            ],
            [
              -107.819493,
              37.93659
            ],
            [
              -107.819514,
              37.936443
            ],
            [
              -107.82013,
              37.936499
            ],
            [
              -107.820109,
              37.936646
            ]
          ]
        ]
      }
    },
    {
      "type": "Feature",
      "properties": {
        "id": "carhenge-lot-bldg-3-massing",
        "project_id": "carhenge-lot",
        "name": "Carhenge \u2014 Building 3 (Zone 3)",
        "status": "Under Review",
        "project_type": "Mixed-use housing / commercial",
        "height_ft": 45,
        "height_m": 13.72,
        "base_m": 0,
        "floors": 4,
        "zone": 3,
        "zone_letters": "E West / E East / F",
        "sqft": null,
        "hotel_rooms": null,
        "housing_units": null,
        "source_confidence": "Estimated",
        "source_note": "Footprint extracted from \"Updated Carhenge.svg\" (HARC Work Session packet, May 20 2026). Vector st1 elements (#427be2 blue) registered via user-added geo-tag at SVG (388.49, 209.98) \u2192 lat 37.937446, lon -107.819538; scale matched against existing cluster.",
        "deep_dive_url": "https://livabletelluride.org/the-growing-weight-of-tellurides-debt/",
        "primary_source_url": "",
        "last_updated": "2026-05-18"
      },
      "geometry": {
        "type": "Polygon",
        "coordinates": [
          [
            [
              -107.819849,
              37.937325
            ],
            [
              -107.819662,
              37.93727
            ],
            [
              -107.819726,
              37.937135
            ],
            [
              -107.819912,
              37.93719
            ],
            [
              -107.819849,
              37.937325
            ]
          ]
        ]
      }
    },
    {
      "type": "Feature",
      "properties": {
        "id": "carhenge-lot-bldg-4-massing",
        "project_id": "carhenge-lot",
        "name": "Carhenge \u2014 Building 4 (Zone 3)",
        "status": "Under Review",
        "project_type": "Mixed-use housing / commercial",
        "height_ft": 45,
        "height_m": 13.72,
        "base_m": 0,
        "floors": 4,
        "zone": 3,
        "zone_letters": "E West / E East / F",
        "sqft": null,
        "hotel_rooms": null,
        "housing_units": null,
        "source_confidence": "Estimated",
        "source_note": "Footprint extracted from \"Updated Carhenge.svg\" (HARC Work Session packet, May 20 2026). Vector st1 elements (#427be2 blue) registered via user-added geo-tag at SVG (388.49, 209.98) \u2192 lat 37.937446, lon -107.819538; scale matched against existing cluster.",
        "deep_dive_url": "https://livabletelluride.org/the-growing-weight-of-tellurides-debt/",
        "primary_source_url": "",
        "last_updated": "2026-05-18"
      },
      "geometry": {
        "type": "Polygon",
        "coordinates": [
          [
            [
              -107.819479,
              37.936711
            ],
            [
              -107.819634,
              37.936723
            ],
            [
              -107.819626,
              37.936787
            ],
            [
              -107.820134,
              37.936828
            ],
            [
              -107.820153,
              37.936684
            ],
            [
              -107.819645,
              37.936643
            ],
            [
              -107.819645,
              37.936643
            ],
            [
              -107.819489,
              37.936631
            ],
            [
              -107.819479,
              37.936711
            ]
          ]
        ]
      }
    },
    {
      "type": "Feature",
      "properties": {
        "id": "carhenge-lot-bldg-5-massing",
        "project_id": "carhenge-lot",
        "name": "Carhenge \u2014 Building 5 (Zone 3)",
        "status": "Under Review",
        "project_type": "Mixed-use housing / commercial",
        "height_ft": 45,
        "height_m": 13.72,
        "base_m": 0,
        "floors": 4,
        "zone": 3,
        "zone_letters": "E West / E East / F",
        "sqft": null,
        "hotel_rooms": null,
        "housing_units": null,
        "source_confidence": "Estimated",
        "source_note": "Footprint extracted from \"Updated Carhenge.svg\" (HARC Work Session packet, May 20 2026). Vector st1 elements (#427be2 blue) registered via user-added geo-tag at SVG (388.49, 209.98) \u2192 lat 37.937446, lon -107.819538; scale matched against existing cluster.",
        "deep_dive_url": "https://livabletelluride.org/the-growing-weight-of-tellurides-debt/",
        "primary_source_url": "",
        "last_updated": "2026-05-18"
      },
      "geometry": {
        "type": "Polygon",
        "coordinates": [
          [
            [
              -107.819724,
              37.937087
            ],
            [
              -107.819538,
              37.937032
            ],
            [
              -107.819601,
              37.936897
            ],
            [
              -107.819788,
              37.936952
            ],
            [
              -107.819724,
              37.937087
            ]
          ]
        ]
      }
    },
    {
      "type": "Feature",
      "properties": {
        "id": "carhenge-lot-bldg-6-massing",
        "project_id": "carhenge-lot",
        "name": "Carhenge \u2014 Building 6 (Zone 3)",
        "status": "Under Review",
        "project_type": "Mixed-use housing / commercial",
        "height_ft": 45,
        "height_m": 13.72,
        "base_m": 0,
        "floors": 4,
        "zone": 3,
        "zone_letters": "E West / E East / F",
        "sqft": null,
        "hotel_rooms": null,
        "housing_units": null,
        "source_confidence": "Estimated",
        "source_note": "Footprint extracted from \"Updated Carhenge.svg\" (HARC Work Session packet, May 20 2026). Vector st1 elements (#427be2 blue) registered via user-added geo-tag at SVG (388.49, 209.98) \u2192 lat 37.937446, lon -107.819538; scale matched against existing cluster.",
        "deep_dive_url": "https://livabletelluride.org/the-growing-weight-of-tellurides-debt/",
        "primary_source_url": "",
        "last_updated": "2026-05-18"
      },
      "geometry": {
        "type": "Polygon",
        "coordinates": [
          [
            [
              -107.81963,
              37.937263
            ],
            [
              -107.819443,
              37.937209
            ],
            [
              -107.819507,
              37.937074
            ],
            [
              -107.819693,
              37.937129
            ],
            [
              -107.81963,
              37.937263
            ]
          ]
        ]
      }
    },
    {
      "type": "Feature",
      "properties": {
        "id": "carhenge-lot-bldg-7-massing",
        "project_id": "carhenge-lot",
        "name": "Carhenge \u2014 Building 7 (Zone 2)",
        "status": "Under Review",
        "project_type": "Mixed-use housing / commercial",
        "height_ft": 45,
        "height_m": 13.72,
        "base_m": 0,
        "floors": 4,
        "zone": 2,
        "zone_letters": "A / D West / D East",
        "sqft": null,
        "hotel_rooms": null,
        "housing_units": null,
        "source_confidence": "Estimated",
        "source_note": "Footprint extracted from \"Updated Carhenge.svg\" (HARC Work Session packet, May 20 2026). Vector st1 elements (#427be2 blue) registered via user-added geo-tag at SVG (388.49, 209.98) \u2192 lat 37.937446, lon -107.819538; scale matched against existing cluster.",
        "deep_dive_url": "https://livabletelluride.org/the-growing-weight-of-tellurides-debt/",
        "primary_source_url": "",
        "last_updated": "2026-05-18"
      },
      "geometry": {
        "type": "Polygon",
        "coordinates": [
          [
            [
              -107.819483,
              37.937016
            ],
            [
              -107.819282,
              37.936957
            ],
            [
              -107.819345,
              37.936822
            ],
            [
              -107.819547,
              37.936881
            ],
            [
              -107.819483,
              37.937016
            ]
          ]
        ]
      }
    },
    {
      "type": "Feature",
      "properties": {
        "id": "carhenge-lot-bldg-8-massing",
        "project_id": "carhenge-lot",
        "name": "Carhenge \u2014 Building 8 (Zone 2)",
        "status": "Under Review",
        "project_type": "Mixed-use housing / commercial",
        "height_ft": 45,
        "height_m": 13.72,
        "base_m": 0,
        "floors": 4,
        "zone": 2,
        "zone_letters": "A / D West / D East",
        "sqft": null,
        "hotel_rooms": null,
        "housing_units": null,
        "source_confidence": "Estimated",
        "source_note": "Footprint extracted from \"Updated Carhenge.svg\" (HARC Work Session packet, May 20 2026). Vector st1 elements (#427be2 blue) registered via user-added geo-tag at SVG (388.49, 209.98) \u2192 lat 37.937446, lon -107.819538; scale matched against existing cluster.",
        "deep_dive_url": "https://livabletelluride.org/the-growing-weight-of-tellurides-debt/",
        "primary_source_url": "",
        "last_updated": "2026-05-18"
      },
      "geometry": {
        "type": "Polygon",
        "coordinates": [
          [
            [
              -107.819407,
              37.937205
            ],
            [
              -107.81921,
              37.937147
            ],
            [
              -107.819276,
              37.937006
            ],
            [
              -107.819474,
              37.937064
            ],
            [
              -107.819407,
              37.937205
            ]
          ]
        ]
      }
    },
    {
      "type": "Feature",
      "properties": {
        "id": "carhenge-lot-bldg-9-massing",
        "project_id": "carhenge-lot",
        "name": "Carhenge \u2014 Building 9 (Zone 2)",
        "status": "Under Review",
        "project_type": "Mixed-use housing / commercial",
        "height_ft": 45,
        "height_m": 13.72,
        "base_m": 0,
        "floors": 4,
        "zone": 2,
        "zone_letters": "A / D West / D East",
        "sqft": null,
        "hotel_rooms": null,
        "housing_units": null,
        "source_confidence": "Estimated",
        "source_note": "Footprint extracted from \"Updated Carhenge.svg\" (HARC Work Session packet, May 20 2026). Vector st1 elements (#427be2 blue) registered via user-added geo-tag at SVG (388.49, 209.98) \u2192 lat 37.937446, lon -107.819538; scale matched against existing cluster.",
        "deep_dive_url": "https://livabletelluride.org/the-growing-weight-of-tellurides-debt/",
        "primary_source_url": "",
        "last_updated": "2026-05-18"
      },
      "geometry": {
        "type": "Polygon",
        "coordinates": [
          [
            [
              -107.819636,
              37.937461
            ],
            [
              -107.818886,
              37.937242
            ],
            [
              -107.81894,
              37.937129
            ],
            [
              -107.819689,
              37.937348
            ],
            [
              -107.819636,
              37.937461
            ]
          ]
        ]
      }
    },
    {
      "type": "Feature",
      "properties": {
        "id": "carhenge-lot-bldg-10-massing",
        "project_id": "carhenge-lot",
        "name": "Carhenge \u2014 Building 10 (Zone 2)",
        "status": "Under Review",
        "project_type": "Mixed-use housing / commercial",
        "height_ft": 45,
        "height_m": 13.72,
        "base_m": 0,
        "floors": 4,
        "zone": 2,
        "zone_letters": "A / D West / D East",
        "sqft": null,
        "hotel_rooms": null,
        "housing_units": null,
        "source_confidence": "Estimated",
        "source_note": "Footprint extracted from \"Updated Carhenge.svg\" (HARC Work Session packet, May 20 2026). Vector st1 elements (#427be2 blue) registered via user-added geo-tag at SVG (388.49, 209.98) \u2192 lat 37.937446, lon -107.819538; scale matched against existing cluster.",
        "deep_dive_url": "https://livabletelluride.org/the-growing-weight-of-tellurides-debt/",
        "primary_source_url": "",
        "last_updated": "2026-05-18"
      },
      "geometry": {
        "type": "Polygon",
        "coordinates": [
          [
            [
              -107.819358,
              37.936733
            ],
            [
              -107.819361,
              37.936693
            ],
            [
              -107.819444,
              37.936697
            ],
            [
              -107.819451,
              37.936598
            ],
            [
              -107.819368,
              37.936594
            ],
            [
              -107.819368,
              37.936589
            ],
            [
              -107.818925,
              37.93657
            ],
            [
              -107.818915,
              37.936714
            ],
            [
              -107.819358,
              37.936733
            ]
          ]
        ]
      }
    },
    {
      "type": "Feature",
      "properties": {
        "id": "carhenge-lot-bldg-11-massing",
        "project_id": "carhenge-lot",
        "name": "Carhenge \u2014 Building 11 (Zone 2)",
        "status": "Under Review",
        "project_type": "Mixed-use housing / commercial",
        "height_ft": 45,
        "height_m": 13.72,
        "base_m": 0,
        "floors": 4,
        "zone": 2,
        "zone_letters": "A / D West / D East",
        "sqft": null,
        "hotel_rooms": null,
        "housing_units": null,
        "source_confidence": "Estimated",
        "source_note": "Footprint extracted from \"Updated Carhenge.svg\" (HARC Work Session packet, May 20 2026). Vector st1 elements (#427be2 blue) registered via user-added geo-tag at SVG (388.49, 209.98) \u2192 lat 37.937446, lon -107.819538; scale matched against existing cluster.",
        "deep_dive_url": "https://livabletelluride.org/the-growing-weight-of-tellurides-debt/",
        "primary_source_url": "",
        "last_updated": "2026-05-18"
      },
      "geometry": {
        "type": "Polygon",
        "coordinates": [
          [
            [
              -107.81924,
              37.936947
            ],
            [
              -107.819025,
              37.936884
            ],
            [
              -107.819078,
              37.936771
            ],
            [
              -107.819293,
              37.936834
            ],
            [
              -107.81924,
              37.936947
            ]
          ]
        ]
      }
    },
    {
      "type": "Feature",
      "properties": {
        "id": "carhenge-lot-bldg-12-massing",
        "project_id": "carhenge-lot",
        "name": "Carhenge \u2014 Building 12 (Zone 2)",
        "status": "Under Review",
        "project_type": "Mixed-use housing / commercial",
        "height_ft": 45,
        "height_m": 13.72,
        "base_m": 0,
        "floors": 4,
        "zone": 2,
        "zone_letters": "A / D West / D East",
        "sqft": null,
        "hotel_rooms": null,
        "housing_units": null,
        "source_confidence": "Estimated",
        "source_note": "Footprint extracted from \"Updated Carhenge.svg\" (HARC Work Session packet, May 20 2026). Vector st1 elements (#427be2 blue) registered via user-added geo-tag at SVG (388.49, 209.98) \u2192 lat 37.937446, lon -107.819538; scale matched against existing cluster.",
        "deep_dive_url": "https://livabletelluride.org/the-growing-weight-of-tellurides-debt/",
        "primary_source_url": "",
        "last_updated": "2026-05-18"
      },
      "geometry": {
        "type": "Polygon",
        "coordinates": [
          [
            [
              -107.819454,
              37.936554
            ],
            [
              -107.818759,
              37.936523
            ],
            [
              -107.818766,
              37.93642
            ],
            [
              -107.819462,
              37.936452
            ],
            [
              -107.819454,
              37.936554
            ]
          ]
        ]
      }
    },
    {
      "type": "Feature",
      "properties": {
        "id": "carhenge-lot-bldg-13-massing",
        "project_id": "carhenge-lot",
        "name": "Carhenge \u2014 Building 13 (Zone 2)",
        "status": "Under Review",
        "project_type": "Mixed-use housing / commercial",
        "height_ft": 45,
        "height_m": 13.72,
        "base_m": 0,
        "floors": 4,
        "zone": 2,
        "zone_letters": "A / D West / D East",
        "sqft": null,
        "hotel_rooms": null,
        "housing_units": null,
        "source_confidence": "Estimated",
        "source_note": "Footprint extracted from \"Updated Carhenge.svg\" (HARC Work Session packet, May 20 2026). Vector st1 elements (#427be2 blue) registered via user-added geo-tag at SVG (388.49, 209.98) \u2192 lat 37.937446, lon -107.819538; scale matched against existing cluster.",
        "deep_dive_url": "https://livabletelluride.org/the-growing-weight-of-tellurides-debt/",
        "primary_source_url": "",
        "last_updated": "2026-05-18"
      },
      "geometry": {
        "type": "Polygon",
        "coordinates": [
          [
            [
              -107.819177,
              37.937103
            ],
            [
              -107.818963,
              37.93704
            ],
            [
              -107.819016,
              37.936927
            ],
            [
              -107.819231,
              37.93699
            ],
            [
              -107.819177,
              37.937103
            ]
          ]
        ]
      }
    },
    {
      "type": "Feature",
      "properties": {
        "id": "carhenge-lot-bldg-14-massing",
        "project_id": "carhenge-lot",
        "name": "Carhenge \u2014 Building 14 (Zone 1)",
        "status": "Under Review",
        "project_type": "Mixed-use housing / commercial",
        "height_ft": 35,
        "height_m": 10.67,
        "base_m": 0,
        "floors": 3,
        "zone": 1,
        "zone_letters": "B/C",
        "sqft": null,
        "hotel_rooms": null,
        "housing_units": null,
        "source_confidence": "Estimated",
        "source_note": "Footprint extracted from \"Updated Carhenge.svg\" (HARC Work Session packet, May 20 2026). Vector st1 elements (#427be2 blue) registered via user-added geo-tag at SVG (388.49, 209.98) \u2192 lat 37.937446, lon -107.819538; scale matched against existing cluster.",
        "deep_dive_url": "https://livabletelluride.org/the-growing-weight-of-tellurides-debt/",
        "primary_source_url": "",
        "last_updated": "2026-05-18"
      },
      "geometry": {
        "type": "Polygon",
        "coordinates": [
          [
            [
              -107.818336,
              37.936532
            ],
            [
              -107.818451,
              37.936537
            ],
            [
              -107.818449,
              37.936565
            ],
            [
              -107.818711,
              37.936577
            ],
            [
              -107.818722,
              37.936425
            ],
            [
              -107.81846,
              37.936413
            ],
            [
              -107.818459,
              37.936418
            ],
            [
              -107.818345,
              37.936413
            ],
            [
              -107.818336,
              37.936532
            ]
          ]
        ]
      }
    }
  ]
}
